Address,Bedroom_Number,Price,Distance
"170 Gore St, Cambridge, MA",1,2250.0,2.1132359424303777
"170 Gore St, Cambridge, MA",2,1150.0,2.1132359424303777
" 2 Leighton St, Cambridge, MA",1,2170.0,2.736684553423287
" 2 Leighton St, Cambridge, MA",1,2420.0,2.736684553423287
" 2 Leighton St, Cambridge, MA",2,1690.0,2.736684553423287
" 415 Massachusetts Ave, Cambridge, MA",1,2325.0,1.3711135831335621
" 415 Massachusetts Ave, Cambridge, MA",1,2730.0,1.3711135831335621
" 415 Massachusetts Ave, Cambridge, MA",2,1783.0,1.3711135831335621
" 10 Magazine St, Cambridge, MA",2,1440.0,1.1530232586841551
" 249 3rd St, Cambridge, MA",1,2070.0,2.28927697560723
" 249 3rd St, Cambridge, MA",1,2206.0,2.28927697560723
" 249 3rd St, Cambridge, MA",2,1421.0,2.28927697560723
" 10 Glassworks Ave, Cambridge, MA",1,2140.0,2.7685562059430295
" 88 Ames St, Cambridge, MA",1,2122.0,2.0285883922138095
" 88 Ames St, Cambridge, MA",1,2624.0,2.0285883922138095
" 88 Ames St, Cambridge, MA",2,1809.0,2.0285883922138095
" 33 Rogers St, Cambridge, MA",1,2944.0,2.466802970221339
" 33 Rogers St, Cambridge, MA",1,2469.0,2.466802970221339
" 33 Rogers St, Cambridge, MA",2,1794.5,2.466802970221339
"169 Monsignor Obrien Hwy, Cambridge, MA",1,1995.0,2.5256745899234323
"169 Monsignor Obrien Hwy, Cambridge, MA",2,1400.0,2.5256745899234323
" 270 3rd St, Cambridge, MA",1,2299.0,2.2891518869999055
" 270 3rd St, Cambridge, MA",1,3138.0,2.2891518869999055
" 50 Rogers St, Cambridge, MA",1,2789.0,2.509349357990372
" 50 Rogers St, Cambridge, MA",1,2936.0,2.509349357990372
" 50 Rogers St, Cambridge, MA",2,1982.0,2.509349357990372
"60 Homer Ave, Cambridge, MA",1,1425.0,1.2594078534395485
"60 Homer Ave, Cambridge, MA",1,2200.0,1.2594078534395485
"2572 Massachusetts Ave, Cambridge, MA",4,900.0,2.263535052093529
" 350 Third St, Cambridge, MA",1,2520.0,2.234549303603272
" 350 Third St, Cambridge, MA",2,1595.0,2.234549303603272
" 165 Cambridgepark Dr, Cambridge, MA",1,2199.0,2.1829283376383555
" 165 Cambridgepark Dr, Cambridge, MA",1,2396.0,2.1829283376383555
" 165 Cambridgepark Dr, Cambridge, MA",2,1632.5,2.1829283376383555
" 203 Concord Tpke, Cambridge, MA",1,2116.0,2.4706271745629627
" 203 Concord Tpke, Cambridge, MA",1,2400.0,2.4706271745629627
" 203 Concord Tpke, Cambridge, MA",2,1397.5,2.4706271745629627
"85 3rd St, Cambridge, MA",1,1800.0,2.3892745276505414
" 16 19a Forest St, Cambridge, MA",1,2300.0,1.2916465289699877
" 16 19a Forest St, Cambridge, MA",2,1350.0,1.2916465289699877
"346 Franklin St, Cambridge, MA 02139",2,1400.0,0.9918578887885556
" 30 Cambridgepark Dr, Cambridge, MA",1,2522.0,1.9841023243526341
" 30 Cambridgepark Dr, Cambridge, MA",2,1350.0,1.9841023243526341
"52 Garden St, Cambridge, MA",1,1995.0,0.8532666262651694
"52 Garden St, Cambridge, MA",1,2050.0,0.8532666262651694
"Fresh Pond Pkwy, Cambridge, MA 02138",1,1000.0,0.8823567869999028
" 223 Concord Tpke, Cambridge, MA",1,2215.0,2.538961120106088
" 223 Concord Tpke, Cambridge, MA",1,2370.0,2.538961120106088
" 223 Concord Tpke, Cambridge, MA",2,1530.0,2.538961120106088
"27 Cameron Ave #B, Cambridge, MA 02140",1,1400.0,2.1124860912445587
"48 Saville St, Cambridge, MA",3,2500.0,1.1679891318490194
"48 Saville St, Cambridge, MA",4,1625.0,1.1679891318490194
"Wheeler St, Cambridge, MA 02138",2,1500.0,1.7595903069891308
"29 Concord Ave, Cambridge, MA",1,1950.0,0.8118638091424499
"29 Concord Ave, Cambridge, MA",1,1950.0,0.8118638091424499
"29 Concord Ave, Cambridge, MA",3,1116.6666666666667,0.8118638091424499
"8 Museum Way, Cambridge, MA",1,2199.0,2.7978431823308596
"8 Museum Way, Cambridge, MA",2,1499.5,2.7978431823308596
"280 Harvard St, Cambridge, MA",2,1200.0,1.155039751870159
"Massachusetts Ave, Cambridge, MA 02140",1,2700.0,1.8386743758815969
"7 Craigie Cir, Cambridge, MA 02138",1,1950.0,0.7724246348152929
"Wendell St, Cambridge, MA 02138",1,1875.0,1.0334935857736867
" 20 Child St, Cambridge, MA",1,2272.0,2.7967839788753945
" 20 Child St, Cambridge, MA",1,2855.0,2.7967839788753945
" 20 Child St, Cambridge, MA",2,1894.0,2.7967839788753945
"7 Cleveland St, Cambridge, MA 02138",3,1833.3333333333333,0.9138314507822487
"9 Ellery St, Cambridge, MA",1,2000.0,0.7829853993421628
"1975 Massachusetts Ave, Cambridge, MA",1,2700.0,1.9061014379072974
"Crawford St, Cambridge, MA 02139",1,1900.0,1.0495975986344477
"11 Tufts St, Cambridge, MA",2,1487.5,1.076719296186544
"11 Tufts St, Cambridge, MA",3,1000.0,1.076719296186544
"370 Prospect St, Cambridge, MA 02139",3,1200.0,1.563806376547296
"17 Healey St, Cambridge, MA 02138",1,1500.0,0.8616965169063954
" 603 Concord Ave, Cambridge, MA",1,2246.0,1.7202345354425708
" 603 Concord Ave, Cambridge, MA",1,2495.0,1.7202345354425708
" 603 Concord Ave, Cambridge, MA",2,1719.0,1.7202345354425708
" 110 2nd St, Cambridge, MA",2,1725.0,2.438132574261856
" 110 2nd St, Cambridge, MA",3,1416.6666666666667,2.438132574261856
"6 Canal Park, Cambridge, MA",1,2500.0,2.6728045247566823
"6 Canal Park, Cambridge, MA",2,1750.0,2.6728045247566823
"1580 Massachusetts Ave, Cambridge, MA",2,1400.0,0.8410226934916178
"23 Ware St, Cambridge, MA",1,1700.0,0.8055593783701123
"177 Erie St, Cambridge, MA",2,1100.0,1.1320013875116703
"177 Erie St, Cambridge, MA",3,800.0,1.1320013875116703
" 700 Huron Ave, Cambridge, MA",1,2012.0,1.6761456483003239
" 700 Huron Ave, Cambridge, MA",2,914.5,1.6761456483003239
" 700 Huron Ave, Cambridge, MA",3,1153.6666666666667,1.6761456483003239
"2 Ware St, Cambridge, MA",1,1650.0,0.7572186497126258
"2 Ware St, Cambridge, MA",1,1900.0,0.7572186497126258
"2 Ware St, Cambridge, MA",2,1000.0,0.7572186497126258
" 80 Fawcett St, Cambridge, MA",1,2190.0,1.9904845519091767
" 80 Fawcett St, Cambridge, MA",1,2110.0,1.9904845519091767
" 80 Fawcett St, Cambridge, MA",2,1498.0,1.9904845519091767
"1 Aberdeen Way, Cambridge, MA",1,2700.0,1.2704061052699314
"1 Aberdeen Way, Cambridge, MA",2,1750.0,1.2704061052699314
" 1200 Massachusetts Ave, Cambridge, MA",1,1350.0,1.9061014379072974
" 1200 Massachusetts Ave, Cambridge, MA",1,1700.0,1.9061014379072974
" 1200 Massachusetts Ave, Cambridge, MA",2,1112.5,1.9061014379072974
" 80 Cambridgepark Dr, Cambridge, MA",1,2232.0,2.03446940706302
" 80 Cambridgepark Dr, Cambridge, MA",1,2382.0,2.03446940706302
" 80 Cambridgepark Dr, Cambridge, MA",2,1276.0,2.03446940706302
"21 Chauncy St, Cambridge, MA",1,1700.0,0.831169307982414
"2353 Massachusetts Ave, Cambridge, MA",2,1025.0,1.9768691545165782
" 345 Franklin St, Cambridge, MA",1,2800.0,0.9948883630519251
" 345 Franklin St, Cambridge, MA",2,1375.0,0.9948883630519251
" 66 Homer Ave, Cambridge, MA",1,1350.0,1.2719633728289312
" 66 Homer Ave, Cambridge, MA",1,1600.0,1.2719633728289312
" 66 Homer Ave, Cambridge, MA",2,950.0,1.2719633728289312
"223 Broadway, Cambridge, MA",1,1900.0,3.2351437703415633
"2 Earhart St, Cambridge, MA",1,2200.0,2.7176059212920127
"2 Earhart St, Cambridge, MA",2,1425.0,2.7176059212920127
"2 Earhart St, Cambridge, MA",3,1133.3333333333333,2.7176059212920127
"212 Hampshire St, Cambridge, MA",1,2500.0,1.394107273160293
"993 Memorial Dr, Cambridge, MA",2,1937.5,0.39048468763613275
"367 Harvard St, Cambridge, MA",5,1380.0,0.6457953486406007
"7 Richard Ave, Cambridge, MA",3,800.0,2.2659686720583667
"119 Sciarappa St #C, Cambridge, MA 02141",3,866.6666666666666,2.3022208365831496
"Marney St, Cambridge, MA 02141",4,750.0,1.902160964866949
"10 Bristol St, Cambridge, MA",2,1250.0,1.810970226773565
"10 Bristol St, Cambridge, MA",3,833.3333333333334,1.810970226773565
"10 Rogers St, Cambridge, MA",1,2200.0,2.5491294626903245
"10 Rogers St, Cambridge, MA",1,2595.0,2.5491294626903245
"10 Rogers St, Cambridge, MA",2,1850.0,2.5491294626903245
"275 Walden St, Cambridge, MA",2,1350.0,1.2783432759798987
"397 Columbia St, Cambridge, MA",2,1200.0,1.663429338740202
"8 Lawrence St #B, Cambridge, MA 02139",1,1450.0,1.1176301985818191
"105 Brookline St, Cambridge, MA 02139",1,1850.0,1.2466387924072766
"Park St, Somerville, MA 02143",2,1100.0,1.3687990066484697
"Putnam Ave, Cambridge, MA 02139",3,833.3333333333334,1.1823126449778256
"401 Broadway, Cambridge, MA 02139",1,1795.0,1.3266338583596844
"10 King Pl, Cambridge, MA",1,2000.0,1.3043818894225718
"10 King Pl, Cambridge, MA",1,2600.0,1.3043818894225718
"10 King Pl, Cambridge, MA",2,1700.0,1.3043818894225718
"Cogswell Ave, Cambridge, MA 02140",1,1850.0,1.600926484044203
" 160 Cambridgepark Dr, Cambridge, MA",1,2410.0,2.1161987271203544
" 160 Cambridgepark Dr, Cambridge, MA",2,1392.5,2.1161987271203544
" Langdon St, Cambridge, MA",1,1995.0,0.8847270212059343
" Langdon St, Cambridge, MA",1,2195.0,0.8847270212059343
" Langdon St, Cambridge, MA",2,1430.0,0.8847270212059343
" 18-26 Chauncy St, Cambridge, MA",1,2045.0,0.8277049183320887
" 18-26 Chauncy St, Cambridge, MA",1,2195.0,0.8277049183320887
" 18-26 Chauncy St, Cambridge, MA",2,1597.5,0.8277049183320887
"30 Langdon St, Cambridge, MA",1,1700.0,0.9156967918625992
"30 Langdon St, Cambridge, MA",1,1900.0,0.9156967918625992
"75 Ames St, Cambridge, MA",1,2890.0,1.9885108130222264
"75 Ames St, Cambridge, MA",1,3790.0,1.9885108130222264
"75 Ames St, Cambridge, MA",2,2345.0,1.9885108130222264
"21 Chester St, Cambridge, MA 02140",1,1330.0,1.8002535892429836
"1194 Massachusetts Ave, Cambridge, MA 02138",1,1415.0,0.641654415105519
"1196 Massachusetts Ave, Cambridge, MA 02138",1,1250.0,0.6402779213706966
"1190 Massachusetts Ave, Cambridge, MA 02138",1,1250.0,0.6444949220642575
"5 Linnaean St, Cambridge, MA",1,2200.0,1.226933143450844
"5 Linnaean St, Cambridge, MA",2,1250.0,1.226933143450844
"1558 Massachusetts Ave, Cambridge, MA",2,1400.0,0.7699269271787236
"4 Eaton St, Cambridge, MA",2,1400.0,1.5096978935388319
"4 Eaton St, Cambridge, MA",4,900.0,1.5096978935388319
"Prescott St, Cambridge, MA 02138",2,1450.0,0.7695184662351044
"Brookline St, Cambridge, MA 02139",3,833.3333333333334,1.3160371410754452
"513 Putnam Ave #B, Cambridge, MA 02139",4,1300.0,1.1823126449778256
"Rindge Ave, Cambridge, MA 02140",3,1066.6666666666667,1.713672478606727
"Massachusetts Ave, Cambridge, MA 02139",1,2100.0,1.2875359039375198
" 60 Brattle St, Cambridge, MA",1,2675.0,0.5140538231021446
" 60 Brattle St, Cambridge, MA",2,1525.0,0.5140538231021446
"40 Harvey St, Cambridge, MA 02140",1,1375.0,2.033449746811546
"15 Bigelow St, Cambridge, MA",1,2250.0,1.0851982007070726
"24 Concord Ave, Cambridge, MA",1,1700.0,0.7762258678696884
"24 Concord Ave, Cambridge, MA",1,2300.0,0.7762258678696884
"8 Museum Way, Cambridge, MA",1,2399.0,2.7978431823308596
"9 Bowdoin St, Cambridge, MA",1,2100.0,3.1864413316215567
"9 Bowdoin St, Cambridge, MA",3,1266.6666666666667,3.1864413316215567
"8 Museum Way, Cambridge, MA",1,2399.0,2.7978431823308596
"7 George St, Cambridge, MA 02140",2,1800.0,2.013402196284459
"24 Concord Ave, Cambridge, MA",1,1700.0,0.7762258678696884
"24 Concord Ave, Cambridge, MA",1,2300.0,0.7762258678696884
"112 Gore St, Cambridge, MA",2,1700.0,2.2670736722959823
"36 Highland Ave, Cambridge, MA",1,1600.0,1.130758891156755
"36 Highland Ave, Cambridge, MA",1,2300.0,1.130758891156755
"10 Shepard St, Cambridge, MA",1,1850.0,0.9835079311464578
"10 Shepard St, Cambridge, MA",3,800.0,0.9835079311464578
"23 Reed St, Cambridge, MA 02140",4,850.0,1.8338797388202863
"Clifton St, Cambridge, MA 02140",5,725.0,1.9750357719387281
"31 Concord Ave, Cambridge, MA",1,2400.0,0.8269530927066581
"950 Massachusetts Ave, Cambridge, MA",1,2100.0,0.8685694091794388
"950 Massachusetts Ave, Cambridge, MA",1,2300.0,0.8685694091794388
"950 Massachusetts Ave, Cambridge, MA",2,1300.0,0.8685694091794388
"Bristol St, Cambridge, MA 02141",3,950.0,1.7734788292806172
"Concord Ave, Cambridge, MA 02138",4,1100.0,2.302759061043744
"Tufts St, Cambridge, MA 02139",3,1200.0,1.0127104269279128
"Massachusetts Ave, Cambridge, MA 02139",2,1025.0,1.2875359039375198
"Meacham Rd, Cambridge, MA 02140",3,1600.0,1.8747879527680824
"32 Magazine St, Cambridge, MA 02139",1,1700.0,1.0934759370320488
"114 Western Ave FRONT 3, Cambridge, MA 02139",1,1800.0,0.3428763820445444
"174 Cushing St, Cambridge, MA",3,983.3333333333334,1.551642847617757
"16 Chauncy St, Cambridge, MA",1,1650.0,0.8055622435663313
"3 Arlington St, Cambridge, MA",1,2100.0,2.9140481338609927
"33 Putnam Ave #A, Cambridge, MA 02139",4,950.0,1.1823126449778256
"11 Pine St, Cambridge, MA",2,950.0,1.4732485251231848
" 240 Sidney St, Cambridge, MA",1,2578.0,1.2943612164647227
" 240 Sidney St, Cambridge, MA",1,2763.0,1.2943612164647227
" 240 Sidney St, Cambridge, MA",2,1896.5,1.2943612164647227
"Broadway, Cambridge, MA 02138",2,1250.0,0.7783357050394009
"262 Monsignor Obrien Hwy, Cambridge, MA",1,2600.0,2.3144890773700477
"262 Monsignor Obrien Hwy, Cambridge, MA",2,1400.0,2.3144890773700477
"50 John F Kennedy St, Cambridge, MA",1,2000.0,0.4628337321619179
"50 John F Kennedy St, Cambridge, MA",1,2000.0,0.4628337321619179
" 334 Harvard St, Cambridge, MA",1,2485.0,0.9507454223879126
"2 Athens St, Cambridge, MA 02138",3,1633.3333333333333,0.6237074774685092
"2440 Massachusetts Ave, Cambridge, MA",1,1995.0,2.098557044700246
"2440 Massachusetts Ave, Cambridge, MA",2,1350.0,2.098557044700246
" 130 Cambridgepark Dr, Cambridge, MA",1,2102.0,1.9998272740478023
" 130 Cambridgepark Dr, Cambridge, MA",1,2057.0,1.9998272740478023
" 130 Cambridgepark Dr, Cambridge, MA",2,1296.5,1.9998272740478023
" 87 New St, Cambridge, MA",1,2475.0,1.6449548150402773
" 87 New St, Cambridge, MA",2,1398.0,1.6449548150402773
" 87 New St, Cambridge, MA",3,1333.3333333333333,1.6449548150402773
"Cambridge St, Cambridge, MA 02138",1,2100.0,0.6529798587976023
"21 Ellery St, Cambridge, MA",1,2400.0,0.8131958050486003
"64 Amory St, Cambridge, MA 02139",5,1600.0,1.3379914483020088
"36 Hunting St, Cambridge, MA",1,1975.0,1.8917333357833443
"52 John F Kennedy St, Cambridge, MA",3,1416.6666666666667,0.4592472226558586
"33 Line St, Cambridge, MA",2,1525.0,1.2190283463791203
"33 Line St, Cambridge, MA",3,1116.6666666666667,1.2190283463791203
" 120 Rindge Ave, Cambridge, MA",2,1875.0,1.7025572939509233
" 120 Rindge Ave, Cambridge, MA",3,1461.6666666666667,1.7025572939509233
"4 Mason St, Cambridge, MA",1,2500.0,0.5758599863491203
" 808 Memorial Dr, Cambridge, MA",1,2300.0,0.7627687452226256
" 808 Memorial Dr, Cambridge, MA",2,1450.0,0.7627687452226256
"15 Trowbridge St, Cambridge, MA",1,2200.0,0.7493323763229921
"14 Concord Ave, Cambridge, MA",1,2200.0,0.7472983746364246
"14 Concord Ave, Cambridge, MA",3,1966.6666666666667,0.7472983746364246
" 1008 Massachusetts Ave, Cambridge, MA",1,2500.0,0.8003995132999855
" 1008 Massachusetts Ave, Cambridge, MA",1,3000.0,0.8003995132999855
" 1008 Massachusetts Ave, Cambridge, MA",2,2000.0,0.8003995132999855
" 632 Massachusetts Ave, Cambridge, MA",1,3000.0,1.9061014379072974
" 632 Massachusetts Ave, Cambridge, MA",2,1750.0,1.9061014379072974
"Magoun St, Cambridge, MA 02140",3,900.0,2.2170250483889924
"53 Trowbridge St, Cambridge, MA",1,1950.0,0.8701969970430071
"Harvard St, Cambridge, MA 02139",2,1300.0,1.3885652620480045
"9 5th St, Cambridge, MA 02141",1,2200.0,2.261548732617707
"18 Whittier St, Cambridge, MA",1,2150.0,1.3055656143202643
"55 Magazine St, Cambridge, MA",1,1950.0,1.0403108584253118
"55 Magazine St, Cambridge, MA",2,1650.0,1.0403108584253118
"48 Cedar St #A, Cambridge, MA 02140",2,995.0,1.89194981802784
"1600 Massachusetts Ave, Cambridge, MA",2,1437.5,0.8746490666467343
"41 Hawthorn St, Cambridge, MA",1,2295.0,0.48511999025557034
"Broadway, Cambridge, MA 02139",3,800.0,1.3266338583596844
"117A Sciarappa St #A, Cambridge, MA 02141",3,1233.3333333333333,2.2786152975542593
"173 Otis St, Cambridge, MA 02141",2,975.0,2.066782911444041
"Otis St, Cambridge, MA 02141",2,1400.0,2.3119674805029753
"199 Prospect St, Cambridge, MA",2,950.0,1.3514515182612186
"44 Concord Ave, Cambridge, MA",1,1975.0,0.8551112123657566
"44 Concord Ave, Cambridge, MA",2,1200.0,0.8551112123657566
"101 Western Ave, Cambridge, MA",1,1750.0,0.9954587493548478
"101 Western Ave, Cambridge, MA",2,1100.0,0.9954587493548478
"267 Brookline St, Cambridge, MA 02139",1,1800.0,1.1953305096256581
"309 Elm St, Cambridge, MA",2,1097.5,1.6661232322209703
"130 Mount Auburn St, Cambridge, MA",1,3995.0,0.37083689282570675
"109 Gore St, Cambridge, MA 02141",2,1200.0,2.299588744121087
"417 Cardinal Medeiros Ave, Cambridge, MA",3,1100.0,1.9535764434606282
"417 Cardinal Medeiros Ave, Cambridge, MA",4,750.0,1.9535764434606282
"1 Earhart St, Cambridge, MA",1,2600.0,2.6631050247441506
"153 Richdale Ave #B, Cambridge, MA 02140",1,2100.0,1.479781515771438
"77 Trowbridge St, Cambridge, MA",1,2000.0,0.9918420705945702
"77 Trowbridge St, Cambridge, MA",2,1150.0,0.9918420705945702
"395 Broadway, Cambridge, MA",1,1890.0,1.0456055479905566
"395 Broadway, Cambridge, MA",2,1600.0,1.0456055479905566
"10 Museum Way, Cambridge, MA",1,2400.0,2.798227631480202
"10 Museum Way, Cambridge, MA",2,1475.0,2.798227631480202
"618 Cambridge St, Cambridge, MA 02141",20,250.0,2.0732055108294136
"24 Garden St, Cambridge, MA 02138",2,1750.0,0.7122545049447923
"Magazine St, Cambridge, MA 02139",2,1237.5,1.163288346146233
"988 Memorial Dr, Cambridge, MA",1,1950.0,0.4352548432561109
" 1 & 3 Chauncy St, Cambridge, MA",1,2785.0,0.904246264074142
" 1 & 3 Chauncy St, Cambridge, MA",2,1442.5,0.904246264074142
" 1000 Memorial Dr, Cambridge, MA",3,1150.0,0.42837405642393483
" 1000 Memorial Dr, Cambridge, MA",4,1000.0,0.42837405642393483
"Craigie Cir, Cambridge, MA 02138",1,1875.0,0.7663658187205914
"Craigie Cir, Cambridge, MA 02138",1,2000.0,0.7663658187205914
"Wendell St, Cambridge, MA 02138",1,1875.0,1.0334935857736867
"348 Franklin St, Cambridge, MA",2,1050.0,0.9754617891677001
"68 Homer Ave, Cambridge, MA 02138",2,925.0,1.2417539399131536
"179 1/2 Harvard St, Cambridge, MA",2,1100.0,0.6646217176659875
"183 Harvard St, Cambridge, MA",2,1100.0,1.5503894040282689
"183 Harvard St, Cambridge, MA",3,966.6666666666666,1.5503894040282689
"Windsor St, Cambridge, MA 02139",1,1900.0,1.5760813872969095
"19 Chester St, Cambridge, MA 02140",1,1420.0,1.8035792150381886
"30 Upland Rd, Cambridge, MA",1,2150.0,1.4052028244212706
"381 Harvard St, Cambridge, MA",1,1950.0,0.7631467162959886
"Massachusetts Ave, Cambridge, MA 02139",1,2645.0,1.2875359039375198
"295 Harvard St, Cambridge, MA",1,2200.0,1.1144473612379981
"295 Harvard St, Cambridge, MA",2,1350.0,1.1144473612379981
"15 Kelley St #A, Cambridge, MA 02138",4,1000.0,1.123073989226883
"323 Columbia St, Cambridge, MA",3,833.3333333333334,1.6008176504532536
"375 Broadway, Cambridge, MA",1,1400.0,1.143273430177767
"13 Story St, Cambridge, MA",1,2950.0,0.4672326646235153
"13 Story St, Cambridge, MA",2,1372.5,0.4672326646235153
"12-16 Ellery St, Cambridge, MA",2,1150.0,0.8099519268293043
"83 Winter St, Cambridge, MA",1,1950.0,2.316270839173796
"83 Winter St, Cambridge, MA",2,1150.0,2.316270839173796
"83 Winter St, Cambridge, MA",3,1066.6666666666667,2.316270839173796
"305 Cardinal Medeiros Ave, Cambridge, MA",1,2200.0,1.8691792010010924
"1654 Massachusetts Ave, Cambridge, MA",1,2000.0,1.0029541962685828
"7 Story St #B, Cambridge, MA 02138",4,1500.0,0.48802466885183077
"81 6th St, Cambridge, MA 02141",2,1450.0,2.110769214599803
"195 Binney St, Cambridge, MA 02142",1,2740.0,2.2526486062473214
"61 Garfield St, Cambridge, MA 02138",1,2200.0,1.2118917946999783
"Griswold St, Cambridge, MA 02138",2,1375.0,2.2655719301638113
"9 Magazine St, Cambridge, MA",1,1850.0,1.1177149695877542
"9 Magazine St, Cambridge, MA",2,1050.0,1.1177149695877542
"250 Garden St, Cambridge, MA 02138",1,1750.0,1.340828257139291
"352 Harvard St, Cambridge, MA",1,1700.0,0.8535540963583189
"352 Harvard St, Cambridge, MA",2,1550.0,0.8535540963583189
"1105 Massachusetts Ave, Cambridge, MA",1,2100.0,0.7096290063201333
"1105 Massachusetts Ave, Cambridge, MA",2,1400.0,0.7096290063201333
" 62-66 Homer Ave, Cambridge, MA",1,1550.0,1.2378141715613737
" 62-66 Homer Ave, Cambridge, MA",1,1800.0,1.2378141715613737
" 62-66 Homer Ave, Cambridge, MA",2,1125.0,1.2378141715613737
" 89 Winter St, Cambridge, MA",3,1050.0,2.304265053624316
"1 Pine St, Cambridge, MA 02139",2,1850.0,1.4700537625305574
"61 Fayette St, Cambridge, MA",1,1750.0,1.2840234158758945
"923 Massachusetts Ave, Cambridge, MA 02139",2,1100.0,0.9063167149590484
"333 Harvard St, Cambridge, MA",3,916.6666666666666,0.6457953486406007
"157 Hamilton St #A, Cambridge, MA 02139",1,2200.0,1.1368975538008903
" 8 Davenport St, Cambridge, MA",3,1133.3333333333333,1.5373504531037654
" 8 Davenport St, Cambridge, MA",4,900.0,1.5373504531037654
"1172 Massachusetts Ave, Cambridge, MA",1,1600.0,0.6575795619278861
"1172 Massachusetts Ave, Cambridge, MA",1,1999.0,0.6575795619278861
"159 Erie St #A, Cambridge, MA 02139",1,2200.0,1.1503452381372128
"891 Massachusetts Ave, Cambridge, MA",2,1000.0,0.9656806267724328
"26 Andrew St, Cambridge, MA 02139",2,1250.0,0.8820975035558362
"Massachusetts Ave, Cambridge, MA 02139",1,2645.0,1.2875359039375198
"220 Western Ave, Cambridge, MA",2,1250.0,0.8442097779059584
"220 Western Ave, Cambridge, MA",3,816.6666666666666,0.8442097779059584
"5 Walden St, Cambridge, MA",2,1050.0,1.609966133333368
"156 Gore St, Cambridge, MA 02141",2,1175.0,2.1416637549987567
"Myrtle Ave, Cambridge, MA 02138",4,875.0,1.2022987713851208
"154 Gore St, Cambridge, MA",2,1100.0,2.158632853015763
"Porter St, Cambridge, MA 02141",1,2000.0,1.9892666081947106
"Harvard St, Cambridge, MA 02138",1,1850.0,0.6457953486406007
"6 Porter Rd, Cambridge, MA 02140",3,1000.0,1.491087729093076
"285 Harvard St, Cambridge, MA",1,1550.0,0.6457953486406007
"285 Harvard St, Cambridge, MA",1,1850.0,0.6457953486406007
"285 Harvard St, Cambridge, MA",2,1237.5,0.6457953486406007
"Bishop Allen Dr, Cambridge, MA 02139",3,916.6666666666666,1.268645823156305
"Columbia St, Cambridge, MA 02139",2,1000.0,1.4122425145708364
"279 Harvard St, Cambridge, MA",1,1700.0,0.6646217176659875
"132 Oxford St, Cambridge, MA",1,1800.0,1.3212249370657079
"132 Oxford St, Cambridge, MA",2,1000.0,1.3212249370657079
"27 Lambert St, Cambridge, MA",1,2100.0,2.059040747125664
"27 Lambert St, Cambridge, MA",2,1297.5,2.059040747125664
"27 Lambert St, Cambridge, MA",3,900.0,2.059040747125664
"93 Kirkland St, Cambridge, MA",2,1300.0,1.2093246848405599
"Prescott St, Cambridge, MA 02138",1,2100.0,0.7695184662351044
"303 Hurley St, Cambridge, MA",4,737.5,2.1845720576016516
"303 Hurley St, Cambridge, MA",8,862.5,2.1845720576016516
"40 Creighton St, Cambridge, MA",2,1250.0,1.5223182355887324
"40 Creighton St, Cambridge, MA",3,1200.0,1.5223182355887324
"48-50 Creighton St, Cambridge, MA 02140",3,800.0,1.5084888171618198
"4 Canal Park, Cambridge, MA",1,2300.0,2.6728045247566823
"4 Canal Park, Cambridge, MA",2,1825.0,2.6728045247566823
"4 Canal Park, Cambridge, MA",3,1433.3333333333333,2.6728045247566823
"18 Centre St, Cambridge, MA",1,1900.0,0.8930301292004803
"18 Centre St, Cambridge, MA",1,1900.0,0.8930301292004803
"Bowdoin St, Cambridge, MA 02138",2,1250.0,1.087437690425194
"Thorndike St, Cambridge, MA 02141",2,1250.0,2.2263416798033036
"10 Forest St, Cambridge, MA",1,3090.0,1.276470339270688
"54 Trowbridge St, Cambridge, MA 02138",3,1333.3333333333333,0.880007611620459
"Sargent St, Cambridge, MA 02140",4,1099.75,1.7087007204153724
"41 Linnaean St, Cambridge, MA 02138",2,1500.0,1.0969727818918467
"Prospect St, Cambridge, MA 02139",1,1750.0,1.1865753138029227
"138 Hampshire St, Cambridge, MA 02139",2,975.0,1.5219324755891943
"Harvard St, Cambridge, MA 02139",2,1150.0,1.3885652620480045
"Clarendon Ave, Somerville, MA 02144",2,1250.0,2.4061418964109373
"20 John F Kennedy St, Cambridge, MA",1,2200.0,0.5108362959306064
"Clarendon Ave, Somerville, MA 02144",2,1250.0,2.4061418964109373
"332 Franklin St, Cambridge, MA",2,1600.0,0.9984922349305901
"45 Tremont St, Cambridge, MA 02139",3,1466.6666666666667,1.4629624997832793
" 14 Centre St, Cambridge, MA",2,1350.0,0.909125415257038
"Woodbridge St, Cambridge, MA 02140",2,1200.0,1.9227272368255774
"287 Harvard St, Cambridge, MA",1,1950.0,0.6457953486406007
"287 Harvard St, Cambridge, MA",2,1300.0,0.6457953486406007
"287 Harvard St, Cambridge, MA",3,1200.0,0.6457953486406007
"19 Trowbridge St, Cambridge, MA",3,1166.6666666666667,0.7581300728854777
"19 Trowbridge St, Cambridge, MA",4,950.0,0.7581300728854777
"345 Harvard St, Cambridge, MA",1,2400.0,0.8942272626655556
"345 Harvard St, Cambridge, MA",2,1375.0,0.8942272626655556
"361 Washington St, Cambridge, MA",3,1166.6666666666667,1.4201761161917708
"Columbia St, Cambridge, MA 02141",2,1200.0,1.7183292398907226
"Craigie Cir, Cambridge, MA 02138",1,1950.0,0.7663658187205914
"75-83 Cambridge Pkwy, Cambridge, MA",2,2500.0,2.5520752031646934
"23 Magee St, Cambridge, MA",3,1198.3333333333333,0.7479015772481464
"105 Sciarappa St, Cambridge, MA",1,1800.0,2.280133513766712
"105 Sciarappa St, Cambridge, MA",2,1150.0,2.280133513766712
"4 Washington Ave, Cambridge, MA",1,1900.0,1.1498222880569346
"Woodbridge St, Cambridge, MA 02140",2,1200.0,1.9227272368255774
"2568 Massachusetts Ave, Cambridge, MA 02140",4,875.0,1.8386743758815969
"18 Dudley St, Cambridge, MA",2,1200.0,1.9510642090691694
"18 Dudley St, Cambridge, MA",3,966.6666666666666,1.9510642090691694
"2 Beech St, Cambridge, MA",1,1900.0,1.5790246179403442
"2 Beech St, Cambridge, MA",2,1300.0,1.5790246179403442
"10 Essex St, Cambridge, MA",1,2500.0,1.256827802567506
"10 Essex St, Cambridge, MA",1,3200.0,1.256827802567506
"10 Essex St, Cambridge, MA",2,2600.0,1.256827802567506
"Massachusetts Ave, Cambridge, MA 02139",1,1965.0,1.2875359039375198
"124 Oxford St, Cambridge, MA",2,1500.0,1.2713896574620374
"124 Oxford St, Cambridge, MA",3,1000.0,1.2713896574620374
"5 Haskell St, Cambridge, MA",1,1550.0,1.7737883431975303
"5 Haskell St, Cambridge, MA",1,1550.0,1.7737883431975303
"Richard Ave, Cambridge, MA 02140",3,833.3333333333334,2.241840160029756
"Massachusetts Ave, Cambridge, MA 02139",2,1100.0,1.2875359039375198
"Massachusetts Ave, Cambridge, MA 02139",2,1100.0,1.2875359039375198
"30 Foster St, Cambridge, MA 02138",4,700.0,0.5439973782015672
"Prospect St, Cambridge, MA 02139",2,975.0,1.1865753138029227
"284 Harvard St, Cambridge, MA",1,1800.0,1.1394871710744645
"284 Harvard St, Cambridge, MA",1,2250.0,1.1394871710744645
"76 Normandy Ave, Cambridge, MA 02138",2,1100.0,2.3466549616392403
"850 Massachusetts Ave, Cambridge, MA",1,2300.0,0.9908971416736088
"Craigie Cir, Cambridge, MA 02138",1,1900.0,0.7663658187205914
"Prospect St, Cambridge, MA 02139",2,975.0,1.1865753138029227
"Pearl St, Cambridge, MA 02139",1,1650.0,1.2584892971527117
"3 Crawford St, Cambridge, MA",1,1800.0,1.0270678028331133
"4 Chauncy St, Cambridge, MA 02138",2,1500.0,0.8867157584973256
"9 Clary St, Cambridge, MA",3,1400.0,1.5207725200539635
"42 Linnaean St, Cambridge, MA",1,1950.0,1.0824980624283886
"1 Gray St, Cambridge, MA",1,2195.0,1.0511079305056439
"1 Gray St, Cambridge, MA",2,1197.5,1.0511079305056439
"3 Marney St, Cambridge, MA",2,1500.0,1.9086179740538436
"Cambridge St, Cambridge, MA 02141",3,1000.0,2.4693047812925863
"7 Milton St, Cambridge, MA 02140",3,966.6666666666666,1.7300227748163157
"Marney St, Cambridge, MA 02141",2,1647.5,1.902160964866949
"329 Harvard St, Cambridge, MA",1,2500.0,0.9788386145116189
"329 Harvard St, Cambridge, MA",2,1250.0,0.9788386145116189
"322-5 Western Ave, Cambridge, MA",1,2700.0,0.7263744356849064
"322-5 Western Ave, Cambridge, MA",3,1200.0,0.7263744356849064
"1 Jay St, Cambridge, MA",1,1995.0,0.9142747379322874
"1 Jay St, Cambridge, MA",3,1200.0,0.9142747379322874
"47 Inman St, Cambridge, MA",1,1900.0,1.1894132164570979
"Broadway, Cambridge, MA 02138",1,2500.0,0.7783357050394009
"25 Elmer St #A, Cambridge, MA 02138",3,933.3333333333334,0.656345534628281
"Hancock St, Cambridge, MA 02139",2,975.0,1.0106963408182215
" 19-21 Wendell St, Cambridge, MA",1,2365.0,1.0557988908945555
" 19-21 Wendell St, Cambridge, MA",2,1430.0,1.0557988908945555
"Hampshire St, Cambridge, MA 02139",3,900.0,1.5101647285318922
"1137 Massachusetts Ave, Cambridge, MA",1,2100.0,0.6954005916474116
"377 Cardinal Medeiros Ave #A, Cambridge, MA 02141",2,1000.0,1.894315536425137
"3 Linnaean St, Cambridge, MA",1,2400.0,1.226933143450844
"3 Linnaean St, Cambridge, MA",2,1450.0,1.226933143450844
"Pleasant St, Cambridge, MA 02139",1,2695.0,1.0661677908134182
"49 Clifton St #A, Cambridge, MA 02140",5,640.0,1.937835829717861
"194 Prospect St, Cambridge, MA",2,1750.0,1.3631454135140801
"1103 Massachusetts Ave, Cambridge, MA 02138",1,2100.0,0.7095401179178683
"25 Ware St, Cambridge, MA 02138",7,1342.857142857143,2.586028667555163
"253 Norfolk St, Cambridge, MA",2,1650.0,1.4732590591588859
"Dana St, Cambridge, MA 02138",1,1850.0,0.9016845531409832
"27 Wheeler St, Cambridge, MA",1,2350.0,1.7623927261778292
"25 Fairfield St, Cambridge, MA",3,1000.0,1.6460906102955821
" 9-15 Chester St, Cambridge, MA",1,1325.0,1.7657070136366928
"151 Erie St #A, Cambridge, MA 02139",1,2200.0,1.1585012573795488
"Harvard St, Cambridge, MA 02138",1,1750.0,0.6457953486406007
" 15 Richdale Ave, Cambridge, MA",1,2500.0,1.435832028258624
" 15 Richdale Ave, Cambridge, MA",2,1975.0,1.435832028258624
" 15 Richdale Ave, Cambridge, MA",3,1583.3333333333333,1.435832028258624
" 7 Cameron Ave, Cambridge, MA",1,2842.0,2.098951455858407
" 7 Cameron Ave, Cambridge, MA",2,1833.5,2.098951455858407
"354 Hurley St, Cambridge, MA 02141",2,1400.0,2.289553927860755
"50 Follen St, Cambridge, MA",1,2450.0,0.7562616205472028
"50 Follen St, Cambridge, MA",3,1100.0,0.7562616205472028
"14 Saint Mary Rd, Cambridge, MA 02139",6,1166.6666666666667,1.346471407978338
"Prescott St, Cambridge, MA 02138",2,1450.0,0.7695184662351044
"21 Wendell St #E, Cambridge, MA 02138",1,2725.0,1.066430758768566
" 205 Walden St, Cambridge, MA",1,1845.0,1.3320064497955635
" 205 Walden St, Cambridge, MA",1,1855.0,1.3320064497955635
" 205 Walden St, Cambridge, MA",2,1150.0,1.3320064497955635
" 100 Memorial Dr, Cambridge, MA",1,1960.0,2.1636678310588304
" 100 Memorial Dr, Cambridge, MA",1,2325.0,2.1636678310588304
" 100 Memorial Dr, Cambridge, MA",2,1300.0,2.1636678310588304
" 639 Massachusetts Ave, Cambridge, MA",1,2800.0,1.1964488363889965
" 639 Massachusetts Ave, Cambridge, MA",2,1650.0,1.1964488363889965
" 22 Water St, Cambridge, MA",1,2215.0,2.494514592153065
" 22 Water St, Cambridge, MA",1,2491.0,2.494514592153065
" 22 Water St, Cambridge, MA",2,1774.0,2.494514592153065
"347 Franklin St, Cambridge, MA 02139",2,1260.0,0.9871077578186154
"56-58 Gold Star Rd, Cambridge, MA 02140",3,916.6666666666666,2.181694118586858
" 250 Kendall St, Cambridge, MA",1,2120.0,2.3230173231305726
" 250 Kendall St, Cambridge, MA",1,3240.0,2.3230173231305726
" 250 Kendall St, Cambridge, MA",2,1640.0,2.3230173231305726
"Westley Ave, Cambridge, MA 02140",3,933.3333333333334,2.0492382878820417
"22 Hingham St, Cambridge, MA 02138",1,2500.0,0.6488239320424709
"38 Matignon Rd #B, Cambridge, MA 02140",4,1000.0,2.360881130566757
"157 Walden St, Cambridge, MA 02140",3,866.6666666666666,1.33890262280942
"Marcella St, Cambridge, MA 02141",3,933.3333333333334,1.8926431429246011
"Westley Ave, Cambridge, MA 02140",3,933.3333333333334,2.0492382878820417
"Gore St, Cambridge, MA 02141",2,1100.0,2.299588744121087
"Orrin St, Cambridge, MA 02138",2,1350.0,1.1329644299086492
"35 Walden St, Cambridge, MA 02140",2,1700.0,1.5370941392641506
"87 Gore St, Cambridge, MA",3,1033.3333333333333,2.3259372457465664
"Story St, Cambridge, MA 02138",1,2380.0,0.43393634899299127
"Agassiz St, Cambridge, MA 02140",2,1100.0,1.2146052536746033
"41 Bowdoin St, Cambridge, MA",1,1900.0,1.121447476338052
"23 Sparks St, Cambridge, MA 02138",4,1575.0,0.5850966728525455
"19 Speridakis Ter, Cambridge, MA 02139",3,1100.0,1.1706594863707098
"Pearl St, Cambridge, MA 02139",1,1500.0,1.2584892971527117
"Locke St, Cambridge, MA 02140",2,1250.0,1.9718345256534002
"Broadway, Cambridge, MA 02139",2,1350.0,1.3266338583596844
"Forest St, Cambridge, MA 02140",2,1142.5,1.2645009008703456
" 65 Langdon St, Cambridge, MA",3,1378.3333333333333,0.8833494227406388
"Massachusetts Ave, Cambridge, MA 02138",2,1387.5,0.5574508481650852
"Mount Auburn St, Cambridge, MA 02138",1,2600.0,1.2652860978402418
"Trowbridge St, Cambridge, MA 02138",1,2495.0,0.7183157162976554
"402 Broadway #B, Cambridge, MA 02139",2,1000.0,1.3266338583596844
"Massachusetts Ave, Cambridge, MA 02139",1,2100.0,1.2875359039375198
"4 Arrow St, Cambridge, MA 02138",1,1350.0,0.6534123991221472
"Standish St, Cambridge, MA 02138",2,1200.0,1.177011762060559
"124 Berkshire St, Cambridge, MA",4,900.0,1.9059661895674334
"281 Harvard St, Cambridge, MA",1,2500.0,1.175187699058486
" 77 New St, Cambridge, MA",1,2550.0,1.5927013395412788
" 77 New St, Cambridge, MA",1,2900.0,1.5927013395412788
" 77 New St, Cambridge, MA",2,1900.0,1.5927013395412788
"116 Western Ave, Cambridge, MA 02139",2,1100.0,0.9873434892835159
"162 Clark St, Cambridge, MA 02139",2,2475.0,1.687382876791676
"169 Erie St #A, Cambridge, MA 02139",1,2000.0,1.1401529607730927
"Saville St, Cambridge, MA 02138",2,1500.0,1.1411762571987305
