Addresses,Prices
"170 Gore St, Cambridge, MA","$2,250 1 bd$2,300+ 2 bds"
"AVA North Point | 2 Leighton St, Cambridge, MA","$2,170+ Studio$2,420+ 1 bd$3,380+ 2 bds"
"Market Central | 415 Massachusetts Ave, Cambridge, MA","$2,325+ Studio$2,730+ 1 bd$3,566+ 2 bds"
"Church Corner | 10 Magazine St, Cambridge, MA","$2,880+ 2 bds"
"Third Square | 285 3rd St, Cambridge, MA","$2,509+ Studio$2,697+ 1 bd$3,433+ 2 bds"
"Lofts at Kendall Square | 249 3rd St, Cambridge, MA","$2,070+ Studio$2,206+ 1 bd$2,842+ 2 bds"
"Avalon North Point Lofts | 10 Glassworks Ave, Cambridge, MA","$2,140+ Studio"
"339 Broadway STE 3, Cambridge, MA 02139","$2,400/mo
2 bds1 ba600 sqft"
"Proto | 88 Ames St, Cambridge, MA","$2,122+ Studio$2,624+ 1 bd$3,618+ 2 bds"
"Axiom Apartments | 33 Rogers St, Cambridge, MA","$2,944 Studio$2,469+ 1 bd$3,589+ 2 bds"
"169 Monsignor Obrien Hwy, Cambridge, MA","$1,995+ 1 bd$2,800+ 2 bds"
"Vivo Apartments | 270 3rd St, Cambridge, MA","$2,299+ Studio$3,138+ 1 bd"
"Prism | 50 Rogers St, Cambridge, MA","$2,789+ Studio$2,936+ 1 bd$3,964+ 2 bds"
"60 Homer Ave, Cambridge, MA","$1,425 Studio$2,200 1 bd"
"2572 Massachusetts Ave, Cambridge, MA","$3,600+ 4 bds"
"Watermark Kendall West | 350 Third St, Cambridge, MA","$2,520+ 1 bd$3,190+ 2 bds"
"Watermark Kendall West, A03R, Cambridge, MA 02142","$3,115/mo
1 bd1 ba695 sqft"
"Fuse | 165 Cambridgepark Dr, Cambridge, MA","$2,199+ Studio$2,396+ 1 bd$3,265+ 2 bds"
"92 Inman St #L1, Cambridge, MA 02139","$1,800/mo
1 bd1 ba350 sqft"
"Tempo Cambridge | 203 Concord Tpke, Cambridge, MA","$2,116+ Studio$2,400+ 1 bd$2,795+ 2 bds"
"277 Rindge Ave #1, Cambridge, MA 02140","$1,900/mo
2 bds1 ba650 sqft"
"43 Sciarappa St #1, Cambridge, MA 02141","$1,900/mo
1 bd1 ba700 sqft"
"85 3rd St, Cambridge, MA","$1,800+ 1 bd"
"Forest Court | 16 19a Forest St, Cambridge, MA","$2,300+ 1 bd$2,700+ 2 bds"
"29 Lawrence St FLOOR 2, Cambridge, MA 02139","$2,150/mo
1 bd1 ba815 sqft"
"10 Hingham St #1, Cambridge, MA 02138","$2,300/mo
1 bd1 ba800 sqft"
"63 Inman St APT 4, Cambridge, MA 02139","$2,250/mo
1 bd1 ba99,999 sqft"
"346 Franklin St, Cambridge, MA 02139","$2,800/mo
2 bds1 ba750 sqft"
"Cambridge Park Apartments | 30 Cambridgepark Dr, Cambridge, MA","$2,522+ 1 bd$2,700+ 2 bds"
"52 Garden St, Cambridge, MA","$1,995 Studio$2,050+ 1 bd"
"1202 Massachusetts Ave #E54, Cambridge, MA 02138","$1,425/mo
Studio1 ba-- sqft"
"Fresh Pond Pkwy, Cambridge, MA 02138","$1,000/mo
Studio1 ba292 sqft"
"Vox on Two | 223 Concord Tpke, Cambridge, MA","$2,215+ Studio$2,370+ 1 bd$3,060+ 2 bds"
"27 Cameron Ave #B, Cambridge, MA 02140","$1,400/mo
1 bd1 ba450 sqft"
"1663 Cambridge St #1, Cambridge, MA 02138","$3,500/mo
3 bds2 ba1,350 sqft"
"46-48 Cedar Sq #1, Cambridge, MA 02140","$2,000/mo
2 bds1 ba850 sqft"
"48 Saville St, Cambridge, MA","$7,500 3 bds$6,500 4 bds"
"Wheeler St, Cambridge, MA 02138","$3,000/mo
2 bds2 ba1,300 sqft"
"18 Sacramento Pl #1, Cambridge, MA 02138","$4,000/mo
3 bds2 ba1,036 sqft"
"135 Inman St APT 9, Cambridge, MA 02139","$2,400/mo
2 bds1 ba717 sqft"
"29 Concord Ave, Cambridge, MA","$1,950 Studio$1,950+ 1 bd$3,350 3 bds"
"62 Prospect St #1, Cambridge, MA 02139","$2,950/mo
2 bds1 ba1,200 sqft"
"8 Museum Way, Cambridge, MA","$2,199+ 1 bd$2,999+ 2 bds"
"280 Harvard St, Cambridge, MA","$2,400+ 2 bds"
"44 Fulkerson St #2, Cambridge, MA 02141","$2,300/mo
1 bd1 ba550 sqft"
"361 Western Ave #3, Cambridge, MA 02139","$960/mo
3 bds1 ba880 sqft"
"8 Jefferson St #1, Cambridge, MA 02141","$4,600/mo
3 bds2 ba1,046 sqft"
"59 Garfield St APT E, Cambridge, MA 02138","$1,500/mo
Studio1 ba400 sqft"
"Massachusetts Ave, Cambridge, MA 02140","$2,700/mo
1 bd1 ba725 sqft"
"270 Harvard St APT 2, Cambridge, MA 02139","$2,600/mo
2 bds1 ba620 sqft"
"10 Athens St #2, Cambridge, MA 02138","$4,900/mo
3 bds2 ba1,334 sqft"
"93 Banks St #2, Cambridge, MA 02138","$3,100/mo
2 bds1 ba850 sqft"
"7 Craigie Cir, Cambridge, MA 02138","$1,950/mo
1 bd1 ba600 sqft"
"264 Windsor St #4, Cambridge, MA 02139","$2,400/mo
1 bd1 ba645 sqft"
"Wendell St, Cambridge, MA 02138","$1,875/mo
1 bd1 ba-- sqft"
"(undisclosed Address), Cambridge, MA 02138","$2,200/mo
2 bds1 ba-- sqft"
"205 Mount Auburn St APT 2D, Cambridge, MA 02138","$2,900/mo
2 bds1 ba970 sqft"
"Twenty20 | 20 Child St, Cambridge, MA","$2,272+ Studio$2,855+ 1 bd$3,788+ 2 bds"
"7 Cleveland St, Cambridge, MA 02138","$5,500/mo
3 bds1.5 ba1,992 sqft"
"275 Putnam Ave #2, Cambridge, MA 02139","$2,500/mo
3 bds1 ba1,130 sqft"
"9 Ellery St, Cambridge, MA","$2,000+ 1 bd"
"59 Bishop Richard Allen Dr APT 3, Cambridge, MA 02139","$2,200/mo
2 bds1 ba1,100 sqft"
"1975 Massachusetts Ave, Cambridge, MA","$2,700+ 1 bd"
"Crawford St, Cambridge, MA 02139","$1,900/mo
1 bd1 ba600 sqft"
"11 Tufts St, Cambridge, MA","$2,975 2 bds$3,000 3 bds"
"370 Prospect St, Cambridge, MA 02139","$3,600/mo
3 bds2 ba1,400 sqft"
"17 Healey St, Cambridge, MA 02138","$1,500/mo
Studio1 ba525 sqft"
"603 Concord | 603 Concord Ave, Cambridge, MA","$2,246+ Studio$2,495+ 1 bd$3,438+ 2 bds"
"Charles Passage | 110 2nd St, Cambridge, MA","$3,450+ 2 bds$4,250+ 3 bds"
"229 Hurley St #1, Cambridge, MA 02141","$2,650/mo
2 bds1 ba686 sqft"
"93 Moore St #1, Cambridge, MA 02139","$2,200/mo
2 bds1 ba775 sqft"
"291 Elm St #2, Cambridge, MA 02139","$2,200/mo
2 bds1 ba800 sqft"
"6 Canal Park, Cambridge, MA","$2,500+ 1 bd$3,500+ 2 bds"
"1580 Massachusetts Ave, Cambridge, MA","$2,800+ 2 bds"
"23 Ware St, Cambridge, MA","$1,700+ Studio"
"177 Erie St, Cambridge, MA","$2,200 2 bds$2,400 3 bds"
"27 Putnam Ave APT 2, Cambridge, MA 02139","$2,500/mo
2 bds1 ba-- sqft"
"Parkside Place | 700 Huron Ave, Cambridge, MA","$2,012+ 1 bd$1,829+ 2 bds$3,461 3 bds"
"2 Ware St, Cambridge, MA","$1,650 Studio$1,900+ 1 bd$2,000 2 bds"
"138-140 Huron Ave UNIT 10, Cambridge, MA 02138","$2,200/mo
2 bds1 ba724 sqft"
"Atmark Cambridge | 80 Fawcett St, Cambridge, MA","$2,190+ Studio$2,110+ 1 bd$2,996+ 2 bds"
"1 Aberdeen Way, Cambridge, MA","$2,700 1 bd$3,500 2 bds"
"Longfellow Apartments | 1200 Massachusetts Ave, Cambridge, MA","$1,350+ Studio$1,700+ 1 bd$2,225+ 2 bds"
"Luxe at Alewife | 80 Cambridgepark Dr, Cambridge, MA","$2,232+ Studio$2,382+ 1 bd$2,552+ 2 bds"
"21 Chauncy St, Cambridge, MA","$1,700+ 1 bd"
"1 Dana St APT 2B, Cambridge, MA 02138","$1,600/mo
1 bd1 ba450 sqft"
"2353 Massachusetts Ave, Cambridge, MA","$2,050+ 2 bds"
"Davenport Apartments | 345 Franklin St, Cambridge, MA","$2,800 1 bd$2,750+ 2 bds"
"Homer Apartments | 66 Homer Ave, Cambridge, MA","$1,350+ Studio$1,600+ 1 bd$1,900+ 2 bds"
"223 Broadway, Cambridge, MA","$1,900+ 1 bd"
"2 Earhart St, Cambridge, MA","$2,200+ 1 bd$2,850+ 2 bds$3,400 3 bds"
"212 Hampshire St, Cambridge, MA","$2,500+ 1 bd"
"993 Memorial Dr, Cambridge, MA","$3,875+ 2 bds"
"367 Harvard St, Cambridge, MA","$6,900+ 5 bds"
"46 Gold Star Rd #1, Cambridge, MA 02140","$2,400/mo
2 bds1 ba900 sqft"
"7 Richard Ave, Cambridge, MA","$2,400+ 3 bds"
"5 Locke St #3C, Cambridge, MA 02140","$2,400/mo
2 bds2 ba950 sqft"
"40-42 Warren St #1, Cambridge, MA 02141","$1,800/mo
1 bd1 ba525 sqft"
"119 Sciarappa St #C, Cambridge, MA 02141","$2,600/mo
3 bds1 ba1,350 sqft"
"9 Bigelow St APT 3B, Cambridge, MA 02139","$4,800/mo
1 bd1 ba-- sqft"
"848 Massachusetts Ave APT 9, Cambridge, MA 02139","$2,100/mo
1 bd1 ba700 sqft"
"80 Allston St #2, Cambridge, MA 02139","$3,600/mo
2 bds1.5 ba840 sqft"
"Marney St, Cambridge, MA 02141","$3,000/mo
4 bds1 ba1,100 sqft"
"10 Bristol St, Cambridge, MA","$2,500 2 bds$2,500 3 bds"
"103 Larch Rd #103, Cambridge, MA 02138","$3,500/mo
4 bds2 ba1,300 sqft"
"336 Harvard St #4, Cambridge, MA 02139","$3,850/mo
2 bds1.5 ba1,000 sqft"
"8 Austin Park #1, Cambridge, MA 02139","$2,200/mo
2 bds1 ba1,191 sqft"
"10 Rogers St, Cambridge, MA","$2,200+ Studio$2,595+ 1 bd$3,700+ 2 bds"
"45 Reed St #1, Cambridge, MA 02140","$3,800/mo
3 bds2.5 ba1,743 sqft"
"275 Walden St, Cambridge, MA","$2,700+ 2 bds"
"397 Columbia St, Cambridge, MA","$2,400+ 2 bds"
"102 Pearl St APT 3, Cambridge, MA 02139","$1,900/mo
1 bd1 ba584 sqft"
"27 Saint Sauveur Ct #27, Cambridge, MA 02138","$4,200/mo
3 bds3.5 ba1,939 sqft"
"1691 Cambridge St APT 11, Cambridge, MA 02138","$1,995/mo
1 bd1 ba550 sqft"
"170 Pearl St #0, Cambridge, MA 02139","$3,550/mo
3 bds2 ba1,200 sqft"
"8 Lawrence St #B, Cambridge, MA 02139","$1,450/mo
1 bd1 ba500 sqft"
"24 Rindgefield St #2, Cambridge, MA 02140","$2,500/mo
2 bds1 ba988 sqft"
"105 Brookline St, Cambridge, MA 02139","$1,850/mo
1 bd1 ba1,288 sqft"
"Park St, Somerville, MA 02143","$2,200/mo
2 bds1 ba9,999 sqft"
"Putnam Ave, Cambridge, MA 02139","$2,500/mo
3 bds1 ba-- sqft"
"401 Broadway, Cambridge, MA 02139","$1,795/mo
1 bd1 ba-- sqft"
"10 King Pl, Cambridge, MA","$2,000 Studio$2,600+ 1 bd$3,400 2 bds"
"80 Hampshire St APT 4A, Cambridge, MA 02139","$1,600/mo
1 bd1 ba700 sqft"
"16 Trowbridge St APT 47, Cambridge, MA 02138","$2,300/mo
2 bds1.5 ba875 sqft"
"Cogswell Ave, Cambridge, MA 02140","$1,850/mo
1 bd1 ba520 sqft"
"Windsor at Cambridge Park | 160 Cambridgepark Dr, Cambridge, MA","$2,410+ 1 bd$2,785+ 2 bds"
"CHR Cambridge Apartments | Langdon St, Cambridge, MA","$1,995+ Studio$2,195+ 1 bd$2,860+ 2 bds"
"Chauncy Court Apartments | 18-26 Chauncy St, Cambridge, MA","$2,045+ Studio$2,195+ 1 bd$3,195 2 bds"
"30 Langdon St, Cambridge, MA","$1,700+ Studio$1,900+ 1 bd"
"75 Ames St, Cambridge, MA","$2,890+ Studio$3,790+ 1 bd$4,690 2 bds"
"21 Chester St, Cambridge, MA 02140","$1,330/mo
Studio1 ba-- sqft"
"12 Humboldt St #3, Cambridge, MA 02140","$2,800/mo
1 bd1 ba835 sqft"
"1194 Massachusetts Ave, Cambridge, MA 02138","$1,415/mo
1 bd1 ba-- sqft"
"1196 Massachusetts Ave, Cambridge, MA 02138","$1,250/mo
Studio1 ba-- sqft"
"1190 Massachusetts Ave, Cambridge, MA 02138","$1,250/mo
Studio1 ba300 sqft"
"5 Linnaean St, Cambridge, MA","$2,200 1 bd$2,500+ 2 bds"
"1558 Massachusetts Ave, Cambridge, MA","$2,800+ 2 bds"
"4 Eaton St, Cambridge, MA","$2,800 2 bds$3,600 4 bds"
"122 Berkshire St #5, Cambridge, MA 02141","$2,700/mo
3 bds1 ba850 sqft"
"Prescott St, Cambridge, MA 02138","$2,900/mo
2 bds1 ba1,100 sqft"
"Brookline St, Cambridge, MA 02139","$2,500/mo
3 bds1 ba-- sqft"
"513 Putnam Ave #B, Cambridge, MA 02139","$5,200/mo
4 bds1.5 ba1,450 sqft"
"49 Sacramento St #1A, Cambridge, MA 02138","$2,000/mo
1 bd1 ba800 sqft"
"872 Mass Ave, Cambridge, MA","$2,250 Studio$2,300+ 1 bd$2,700+ 2 bds"
"Rindge Ave, Cambridge, MA 02140","$3,200/mo
3 bds2 ba-- sqft"
"278 Harvard St APT 9, Cambridge, MA 02139","$2,100/mo
2 bds2 ba-- sqft"
"95 Hampshire St APT 2, Cambridge, MA 02139","$1,950/mo
2 bds1 ba1,000 sqft"
"(undisclosed Address), Cambridge, MA 02139","$2,200/mo
1 bd1 ba-- sqft"
"Massachusetts Ave, Cambridge, MA 02139","$2,100/mo
1 bd1 ba600 sqft"
"Brattle Arms Apartments | 60 Brattle St, Cambridge, MA","$2,675+ 1 bd$3,050+ 2 bds"
"40 Harvey St, Cambridge, MA 02140","$1,375/mo
Studio1 ba300 sqft"
"15 Bigelow St, Cambridge, MA","$2,250+ 1 bd"
"17 Standish St #3, Cambridge, MA 02138","$3,900/mo
3 bds2 ba1,100 sqft"
"24 Concord Ave, Cambridge, MA","$1,700 Studio$2,300 1 bd"
"52 Irving St UNIT 8, Cambridge, MA 02138","$1,800/mo
1 bd1 ba200 sqft"
"50 Irving St #8, Cambridge, MA 02138","$1,800/mo
1 bd1 ba200 sqft"
"75 Plymouth St #75, Cambridge, MA 02141","$2,700/mo
2 bds1 ba1,002 sqft"
"8 Museum Way, Cambridge, MA","$2,399+ 1 bd"
"9 Bowdoin St, Cambridge, MA","$2,100 1 bd$3,800 3 bds"
"241 River St UNIT 8, Cambridge, MA 02139","$1,800/mo
1 bd1 ba430 sqft"
"8 Museum Way, Cambridge, MA","$2,399+ 1 bd"
"7 George St, Cambridge, MA 02140","$3,600/mo
2 bds2 ba1,302 sqft"
"50 Irving St #8, Cambridge, MA 02138","$1,800/mo
1 bd1 ba200 sqft"
"24 Concord Ave, Cambridge, MA","$1,700 Studio$2,300 1 bd"
"22 Creighton St APT 2, Cambridge, MA 02140","$2,500/mo
2 bds1 ba-- sqft"
"112 Gore St, Cambridge, MA","$3,400+ 2 bds"
"17 Farwell Pl #2, Cambridge, MA 02138","$2,300/mo
1 bd1 ba700 sqft"
"36 Highland Ave, Cambridge, MA","$1,600 Studio$2,300 1 bd"
"10 Shepard St, Cambridge, MA","$1,850 1 bd$2,400 3 bds"
"200 Norfolk St #1, Cambridge, MA 02139","$2,150/mo
1 bd1 ba1,000 sqft"
"397 1/2 Columbia St #2, Cambridge, MA 02141","$2,400/mo
2 bds1 ba-- sqft"
"23 Reed St, Cambridge, MA 02140","$3,400/mo
4 bds1.5 ba1,600 sqft"
"366 Windsor St #1, Cambridge, MA 02141","$2,000/mo
1 bd1 ba950 sqft"
"2512 Massachusetts Ave APT 2, Cambridge, MA 02140","$1,750/mo
1 bd1 ba402 sqft"
"Clifton St, Cambridge, MA 02140","$3,625/mo
5 bds2 ba1,828 sqft"
"31 Concord Ave, Cambridge, MA","$2,400+ 1 bd"
"56 Kirkland St APT 1, Cambridge, MA 02138","$2,500/mo
1 bd1 ba900 sqft"
"950 Massachusetts Ave, Cambridge, MA","$2,100 Studio$2,300+ 1 bd$2,600+ 2 bds"
"Bristol St, Cambridge, MA 02141","$2,850/mo
3 bds1 ba900 sqft"
"Concord Ave, Cambridge, MA 02138","$4,400/mo
4 bds2 ba1,300 sqft"
"Tufts St, Cambridge, MA 02139","$3,600/mo
3 bds2 ba1,079 sqft"
"Massachusetts Ave, Cambridge, MA 02139","$2,050/mo
2 bds1 ba-- sqft"
"Meacham Rd, Cambridge, MA 02140","$4,800/mo
3 bds2.5 ba2,200 sqft"
"32 Magazine St, Cambridge, MA 02139","$1,700/mo
1 bd1 ba625 sqft"
"114 Western Ave FRONT 3, Cambridge, MA 02139","$1,800/mo
1 bd1 ba650 sqft"
"174 Cushing St, Cambridge, MA","$2,950+ 3 bds"
"16 Chauncy St, Cambridge, MA","$1,650+ Studio"
"268 Windsor St APT 4, Cambridge, MA 02139","$2,500/mo
1 bd1 ba645 sqft"
"3 Arlington St, Cambridge, MA","$2,100+ 1 bd"
"12 Seven Pines Ave #0, Cambridge, MA 02140","$5,500/mo
5 bds2 ba1,900 sqft"
"33 Putnam Ave #A, Cambridge, MA 02139","$3,800/mo
4 bds2 ba1,350 sqft"
"42 Jefferson St #3, Cambridge, MA 02141","$2,700/mo
3 bds1 ba798 sqft"
"11 Pine St, Cambridge, MA","$1,900+ 2 bds"
"Chroma | 240 Sidney St, Cambridge, MA","$2,578+ Studio$2,763+ 1 bd$3,793+ 2 bds"
"Broadway, Cambridge, MA 02138","$2,500/mo
2 bds1 ba-- sqft"
"32 High St #1, Cambridge, MA 02138","$2,650/mo
2 bds1 ba1,200 sqft"
"179 Rindge Ave UNIT 2, Cambridge, MA 02140","$2,950/mo
2 bds1 ba920 sqft"
"262 Monsignor Obrien Hwy, Cambridge, MA","$2,600 1 bd$2,800+ 2 bds"
"50 John F Kennedy St, Cambridge, MA","$2,000 Studio$2,000 1 bd"
"50 John F Kennedy St #3, Cambridge, MA 02138","$2,000/mo
Studio1 ba500 sqft"
"83 Orchard St #3, Cambridge, MA 02140","$1,900/mo
1 bd1 ba700 sqft"
"334 Harvard Street | 334 Harvard St, Cambridge, MA","$2,485+ 1 bd"
"2 Athens St, Cambridge, MA 02138","$4,900/mo
3 bds2 ba1,334 sqft"
"69 Orchard St #2, Cambridge, MA 02140","$6,000/mo
4 bds2 ba3,000 sqft"
"2440 Massachusetts Ave, Cambridge, MA","$1,995 1 bd$2,700 2 bds"
"258 Prospect St APT 3L, Cambridge, MA 02139","$3,500/mo
4 bds1 ba1,200 sqft"
"29 Maple Ave #3, Cambridge, MA 02139","$2,000/mo
1 bd1 ba750 sqft"
"1650 Massachusetts Ave #32, Cambridge, MA 02138","$1,895/mo
1 bd1 ba500 sqft"
"50 Highland Ave #2, Somerville, MA 02143","$1,450/mo
Studio1 ba250 sqft"
"Hanover Alewife | 130 Cambridgepark Dr, Cambridge, MA","$2,102+ Studio$2,057+ 1 bd$2,593+ 2 bds"
"51 Dana St #1, Cambridge, MA 02138","$2,200/mo
2 bds1 ba1,200 sqft"
"24 Langdon St #2, Cambridge, MA 02138","$7,500/mo
4 bds3 ba2,919 sqft"
"Park87 | 87 New St, Cambridge, MA","$2,475+ 1 bd$2,796+ 2 bds$4,000+ 3 bds"
"Cambridge St, Cambridge, MA 02138","$2,100/mo
1 bd1 ba620 sqft"
"10 Sumner Rd APT 2, Cambridge, MA 02138","$2,000/mo
1 bd1 ba350 sqft"
"21 Ellery St, Cambridge, MA","$2,400+ 1 bd"
"64 Amory St, Cambridge, MA 02139","$8,000/mo
5 bds4 ba2,200 sqft"
"71 Dana St APT 3, Cambridge, MA 02138","$1,500/mo
Studio1 ba350 sqft"
"36 Hunting St, Cambridge, MA","$1,975+ 1 bd"
"52 John F Kennedy St, Cambridge, MA","$4,250+ 3 bds"
"33 Line St, Cambridge, MA","$3,050 2 bds$3,350 3 bds"
"313 Cardinal Medeiros Ave #1, Cambridge, MA 02141","$2,500/mo
2 bds1 ba1,000 sqft"
"The Residences at Cambridge Terrace (Porter Square), 4 Bed / 2 Bath, Cambridge, MA 02140","$4,300/mo
4 bds2 ba1,600 sqft"
"74 Thorndike St APT 2, Cambridge, MA 02141","$2,000/mo
1 bd1 ba1,000 sqft"
"The Wyeth | 120 Rindge Ave, Cambridge, MA","$3,750+ 2 bds$4,385+ 3 bds"
"41 Speridakis Ter #41, Cambridge, MA 02139","$3,000/mo
3 bds1 ba1,200 sqft"
"660 Cambridge St APT 304, Cambridge, MA 02141","$2,815/mo
2 bds1 ba-- sqft"
"251 Western Ave #2, Cambridge, MA 02139","$2,500/mo
3 bds1 ba1,200 sqft"
"4 Mason St, Cambridge, MA","$2,500+ 1 bd"
"808 Memorial Dr | 808 Memorial Dr, Cambridge, MA","$2,300+ 1 bd$2,900+ 2 bds"
"81 Oxford St #1, Cambridge, MA 02138","$2,550/mo
2 bds1 ba800 sqft"
"237 Elm St #1, Cambridge, MA 02139","$3,500/mo
3 bds1 ba1,100 sqft"
"2520 Massachusetts Ave #2, Cambridge, MA 02140","$2,500/mo
2 bds2 ba1,500 sqft"
"15 Trowbridge St, Cambridge, MA","$2,200+ 1 bd"
"14 Concord Ave, Cambridge, MA","$2,200 1 bd$5,900 3 bds"
"14 Remington St APT 103, Cambridge, MA 02138","$1,800/mo
1 bd1 ba489 sqft"
"Clinton & Prospect Apartments, Two Bedroom - One Bath, Cambridge, MA 02139","$2,900+/mo
2 bds1 ba730 sqft"
"1008 Mass Ave | 1008 Massachusetts Ave, Cambridge, MA","$2,500+ Studio$3,000+ 1 bd$4,000+ 2 bds"
"The Holmes Building | 632 Massachusetts Ave, Cambridge, MA","$3,000 1 bd$3,500+ 2 bds"
"Magoun St, Cambridge, MA 02140","$2,700/mo
3 bds2 ba-- sqft"
"53 Trowbridge St, Cambridge, MA","$1,950+ 1 bd"
"Harvard St, Cambridge, MA 02139","$2,600/mo
2 bds1 ba1,000 sqft"
"9 5th St, Cambridge, MA 02141","$2,200/mo
1 bd1 ba745 sqft"
"18 Whittier St, Cambridge, MA","$2,150+ 1 bd"
"55 Magazine St, Cambridge, MA","$1,950+ 1 bd$3,300 2 bds"
"203 3rd St #3, Cambridge, MA 02141","$2,000/mo
2 bds1 ba9,999 sqft"
"48 Cedar St #A, Cambridge, MA 02140","$1,990/mo
2 bds1 ba800 sqft"
"100 Upland Rd #100, Cambridge, MA 02140","$2,200/mo
2 bds1 ba1,250 sqft"
"1600 Massachusetts Ave, Cambridge, MA","$2,875+ 2 bds"
"41 Hawthorn St, Cambridge, MA","$2,295+ 1 bd"
"1170 Massachusetts Ave APT 3, Cambridge, MA 02138","$2,100/mo
1 bd1 ba650 sqft"
"Broadway, Cambridge, MA 02139","$2,400/mo
3 bds1 ba-- sqft"
"54 Webster Ave APT 1L, Cambridge, MA 02141","$2,350/mo
2 bds1 ba750 sqft"
"117A Sciarappa St #A, Cambridge, MA 02141","$3,700/mo
3 bds2 ba1,800 sqft"
"6 Washington Ave APT 7, Cambridge, MA 02140","$2,450/mo
1 bd1 ba610 sqft"
"173 Otis St, Cambridge, MA 02141","$1,950/mo
2 bds1 ba1,632 sqft"
"41 Essex St #1, Cambridge, MA 02139","$3,600/mo
2 bds2 ba1,305 sqft"
"Otis St, Cambridge, MA 02141","$2,800/mo
2 bds1 ba950 sqft"
"29 Blanchard Rd #2, Cambridge, MA 02138","$2,700/mo
3 bds2 ba1,100 sqft"
"199 Prospect St, Cambridge, MA","$1,900+ 2 bds"
"257 Pearl St #3, Cambridge, MA 02139","$2,000/mo
1 bd1 ba700 sqft"
"44 Concord Ave, Cambridge, MA","$1,975 1 bd$2,400+ 2 bds"
"183 3rd St APT 1, Cambridge, MA 02141","$2,150/mo
1 bd1 ba700 sqft"
"341 Cambridge St #2, Cambridge, MA 02141","$2,200/mo
3 bds1 ba1,000 sqft"
"26 Mount Auburn St #1, Cambridge, MA 02138","$2,300/mo
1 bd1 ba250 sqft"
"101 Western Ave, Cambridge, MA","$1,750 1 bd$2,200 2 bds"
"267 Brookline St, Cambridge, MA 02139","$1,800/mo
1 bd1 ba640 sqft"
"309 Elm St, Cambridge, MA","$2,195+ 2 bds"
"130 Mount Auburn St, Cambridge, MA","$3,995+ 1 bd"
"509 Franklin St #3, Cambridge, MA 02139","$3,200/mo
2 bds1 ba1,000 sqft"
"8 Beech St #4, Cambridge, MA 02140","$2,500/mo
3 bds1 ba1,100 sqft"
"2277 Massachusetts Ave APT 1, Cambridge, MA 02140","$2,800/mo
2 bds1 ba950 sqft"
"904 Massachusetts Ave #2, Cambridge, MA 02139","$2,000/mo
2 bds1 ba1,024 sqft"
"109 Gore St, Cambridge, MA 02141","$2,400/mo
2 bds1 ba1,000 sqft"
"8 Gladstone St #1, Cambridge, MA 02140","$1,800/mo
1 bd1 ba575 sqft"
"173 Rindge Ave #3R, Cambridge, MA 02140","$5,000/mo
5 bds2 ba-- sqft"
"2440 Massachusetts Ave UNIT 25, Cambridge, MA 02140","$2,200/mo
1 bd1 ba550 sqft"
"71 Elm St #1, Cambridge, MA 02139","$3,500/mo
4 bds2 ba1,400 sqft"
"417 Cardinal Medeiros Ave, Cambridge, MA","$3,300 3 bds$3,000 4 bds"
"1 Earhart St, Cambridge, MA","$2,600+ 1 bd"
"346 Harvard St APT 2, Cambridge, MA 02138","$2,400/mo
1 bd1 ba800 sqft"
"153 Richdale Ave #B, Cambridge, MA 02140","$2,100/mo
1 bd1 ba-- sqft"
"77 Trowbridge St, Cambridge, MA","$2,000 1 bd$2,300 2 bds"
"395 Broadway, Cambridge, MA","$1,890 Studio$3,200 2 bds"
"358 Putnam Ave #1, Cambridge, MA 02139","$3,200/mo
4 bds2 ba1,450 sqft"
"195 Mount Auburn St #2, Cambridge, MA 02138","$2,500/mo
2 bds1 ba850 sqft"
"39 Magee St #2, Cambridge, MA 02139","$2,500/mo
2 bds1 ba1,000 sqft"
"62 Hurley St #1, Cambridge, MA 02141","$2,750/mo
2 bds1 ba889 sqft"
"240 Western Ave #3, Cambridge, MA 02139","$2,100/mo
2 bds1 ba800 sqft"
"8 Newport Rd APT 8, Cambridge, MA 02140","$3,000/mo
2 bds1 ba1,142 sqft"
"43 May St #B1, Cambridge, MA 02138","$1,900/mo
1 bd1 ba750 sqft"
"10 Museum Way, Cambridge, MA","$2,400+ 1 bd$2,950+ 2 bds"
"87 Amory St #1, Cambridge, MA 02139","$2,400/mo
2 bds1 ba680 sqft"
"47 Coolidge Hill Rd #8, Cambridge, MA 02138","$1,800/mo
2 bds1 ba1,000 sqft"
"618 Cambridge St, Cambridge, MA 02141","$5,000/mo
20 bds1 ba1,790 sqft"
"26 Garden St APT 1, Cambridge, MA 02138","$3,500/mo
2 bds1 ba-- sqft"
"24 Garden St, Cambridge, MA 02138","$3,500/mo
2 bds1 ba4,246 sqft"
"Magazine St, Cambridge, MA 02139","$2,475/mo
2 bds1 ba850 sqft"
"554 Green St #554, Cambridge, MA 02139","$3,000/mo
3 bds1 ba950 sqft"
"988 Memorial Dr, Cambridge, MA","$1,950+ 1 bd"
"275 Hurley St #3, Cambridge, MA 02141","$2,800/mo
3 bds1 ba950 sqft"
"281 Brookline St #1, Cambridge, MA 02139","$5,400/mo
3 bds2.5 ba1,893 sqft"
"Charles Chauncy Apartments | 1 & 3 Chauncy St, Cambridge, MA","$2,785+ 1 bd$2,885+ 2 bds"
"1576 Cambridge St APT 1, Cambridge, MA 02138","$1,400/mo
Studio1 ba-- sqft"
"14 Dana St #408, Cambridge, MA 02138","$2,600/mo
2 bds1 ba951 sqft"
"1000 Memorial Drive | 1000 Memorial Dr, Cambridge, MA","$3,450 3 bds$4,000 4 bds"
"135 Inman St #5, Cambridge, MA 02139","$2,000/mo
1 bd1 ba521 sqft"
"281 Concord Ave #1L, Cambridge, MA 02138","$4,000/mo
4 bds2 ba1,310 sqft"
"Craigie Cir, Cambridge, MA 02138","$1,875/mo
1 bd1 ba800 sqft"
"(undisclosed Address), Cambridge, MA 02139","$1,650/mo
1 bd1 ba-- sqft"
"(undisclosed Address), Cambridge, MA 02138","$1,900/mo
2 bds1 ba-- sqft"
"Craigie Cir, Cambridge, MA 02138","$2,000/mo
1 bd1 ba800 sqft"
"Wendell St, Cambridge, MA 02138","$1,875/mo
1 bd1 ba-- sqft"
"34 Sparks St #3, Cambridge, MA 02138","$4,000/mo
3 bds3 ba1,200 sqft"
"7 1/2 Centre St APT 32, Cambridge, MA 02139","$2,350/mo
1 bd1 ba945 sqft"
"348 Franklin St, Cambridge, MA","$2,100+ 2 bds"
"570 Franklin St #2, Cambridge, MA 02139","$3,500/mo
2 bds2 ba1,011 sqft"
"1109 Cambridge St #2, Cambridge, MA 02139","$2,200/mo
2 bds1 ba1,100 sqft"
"1 Craigie St #34, Cambridge, MA 02138","$2,000/mo
1 bd1 ba650 sqft"
"6 Craigie Cir #AP37, Cambridge, MA 02138","$1,875/mo
1 bd1 ba-- sqft"
"68 Homer Ave, Cambridge, MA 02138","$1,850/mo
2 bds1 ba850 sqft"
"179 1/2 Harvard St, Cambridge, MA","$2,200+ 2 bds"
"183 Harvard St, Cambridge, MA","$2,200 2 bds$2,900 3 bds"
"Windsor St, Cambridge, MA 02139","$1,900/mo
1 bd1 ba-- sqft"
"19 Chester St, Cambridge, MA 02140","$1,420/mo
Studio1 ba-- sqft"
"30 Upland Rd, Cambridge, MA","$2,150+ 1 bd"
"381 Harvard St, Cambridge, MA","$1,950+ 1 bd"
"29 Pleasant St #2, Cambridge, MA 02139","$2,700/mo
3 bds1 ba1,601 sqft"
"20 7th St UNIT 20, Cambridge, MA 02141","$2,550/mo
2 bds1 ba752 sqft"
"19 Garden St APT 36, Cambridge, MA 02138","$1,725/mo
Studio1 ba-- sqft"
"42 Reed St #1, Cambridge, MA 02140","$2,200/mo
1 bd1 ba620 sqft"
"Massachusetts Ave, Cambridge, MA 02139","$2,645/mo
1 bd1 ba-- sqft"
"295 Harvard St, Cambridge, MA","$2,200+ 1 bd$2,700+ 2 bds"
"15 Kelley St #A, Cambridge, MA 02138","$4,000/mo
4 bds2.5 ba1,600 sqft"
"323 Columbia St, Cambridge, MA","$2,500+ 3 bds"
"375 Broadway, Cambridge, MA","$1,400+ Studio"
"43 Mount Auburn St #1, Cambridge, MA 02138","$1,350/mo
1 bd1 ba550 sqft"
"13 Story St, Cambridge, MA","$2,950 1 bd$2,745+ 2 bds"
"12-16 Ellery St, Cambridge, MA","$2,300+ 2 bds"
"36 Ash St APT 102, Cambridge, MA 02138","$2,600/mo
2 bds1 ba900 sqft"
"17 Marney St #1, Cambridge, MA 02141","$3,600/mo
4 bds1 ba9,999 sqft"
"83 Winter St, Cambridge, MA","$1,950+ 1 bd$2,300+ 2 bds$3,200+ 3 bds"
"85 Winter St #3, Cambridge, MA 02141","$2,300/mo
2 bds1 ba750 sqft"
"305 Cardinal Medeiros Ave, Cambridge, MA","$2,200+ 1 bd"
"19 Putnam Ave #17, Cambridge, MA 02139","$6,500/mo
6 bds2 ba2,000 sqft"
"149 Putnam Ave #402, Cambridge, MA 02139","$2,950/mo
2 bds1.5 ba-- sqft"
"1654 Massachusetts Ave, Cambridge, MA","$2,000+ 1 bd"
"357 Windsor St #2, Cambridge, MA 02141","$1,799/mo
1 bd1 ba700 sqft"
"95 Upland Rd #2, Cambridge, MA 02140","$3,600/mo
4 bds1 ba1,000 sqft"
"7 Story St #B, Cambridge, MA 02138","$6,000/mo
4 bds2 ba1,000 sqft"
"81 6th St, Cambridge, MA 02141","$2,900/mo
2 bds1 ba1,032 sqft"
"195 Binney St, Cambridge, MA 02142","$2,740/mo
Studio1 ba1,300 sqft"
"61 Garfield St, Cambridge, MA 02138","$2,200/mo
1 bd1 ba900 sqft"
"211 Harvard St APT 3, Cambridge, MA 02139","$2,750/mo
2 bds1 ba850 sqft"
"1190 Cambridge St #2, Cambridge, MA 02139","$2,700/mo
3 bds1 ba1,300 sqft"
"6-8 Gilmore St #1, Cambridge, MA 02139","$3,600/mo
3 bds2 ba1,400 sqft"
"219 Green St #2, Cambridge, MA 02139","$2,200/mo
2 bds1 ba800 sqft"
"75 Fayette St #3, Cambridge, MA 02139","$3,400/mo
2 bds1 ba1,200 sqft"
"218 Thorndike St APT 307, Cambridge, MA 02141","$2,200/mo
1 bd1 ba684 sqft"
"9 Chauncy St APT 22, Cambridge, MA 02138","$2,500/mo
2 bds1 ba995 sqft"
"429 Franklin St #1L, Cambridge, MA 02139","$2,250/mo
1 bd1 ba650 sqft"
"11 6th St #1, Cambridge, MA 02141","$1,600/mo
Studio1 ba-- sqft"
"Griswold St, Cambridge, MA 02138","$2,750/mo
2 bds1.5 ba-- sqft"
"354 Broadway #2, Cambridge, MA 02139","$2,300/mo
2 bds1 ba800 sqft"
"9 Magazine St, Cambridge, MA","$1,850+ 1 bd$2,100 2 bds"
"35 Brookford St #1, Cambridge, MA 02140","$1,900/mo
1 bd1 ba660 sqft"
"81 Putnam Ave #1, Cambridge, MA 02139","$2,400/mo
1 bd1 ba700 sqft"
"32 Essex St #1, Cambridge, MA 02139","$2,700/mo
3 bds1 ba1,300 sqft"
"250 Garden St, Cambridge, MA 02138","$1,750/mo
1 bd2 ba700 sqft"
"352 Harvard St, Cambridge, MA","$1,700 1 bd$3,100 2 bds"
"1699 Mass Ave, Cambridge, MA","$2,700 Studio$3,050+ 1 bd"
"1105 Massachusetts Ave, Cambridge, MA","$2,100 1 bd$2,800 2 bds"
"1264 Cambridge St #2, Cambridge, MA 02139","$3,000/mo
3 bds1 ba963 sqft"
"Strawberry Hill Residences at Homer Ave | 62-66 Homer Ave, Cambridge, MA","$1,550+ Studio$1,800 1 bd$2,250+ 2 bds"
"89 Winter St, Cambridge | 89 Winter St, Cambridge, MA","$3,150+ 3 bds"
"71A Dana St #5, Cambridge, MA 02138","$1,700/mo
1 bd1 ba650 sqft"
"1 Pine St, Cambridge, MA 02139","$3,700/mo
2 bds1.5 ba1,800 sqft"
"61 Fayette St, Cambridge, MA","$1,750+ Studio"
"923 Massachusetts Ave, Cambridge, MA 02139","$2,200/mo
2 bds1 ba712 sqft"
"365 Harvard St #1R, Cambridge, MA 02138","$6,000/mo
5 bds3.5 ba9,999 sqft"
"333 Harvard St, Cambridge, MA","$2,750+ 3 bds"
"21 Howard St STE 1, Cambridge, MA 02139","$2,990/mo
2 bds1 ba715 sqft"
"157 Hamilton St #A, Cambridge, MA 02139","$2,200/mo
1 bd1 ba450 sqft"
"6 Lamont Ave #1, Cambridge, MA 02138","$2,950/mo
2 bds1 ba1,000 sqft"
"8 Davenport St | 8 Davenport St, Cambridge, MA","$3,400 3 bds$3,600 4 bds"
"1172 Massachusetts Ave, Cambridge, MA","$1,600 Studio$1,999 1 bd"
"144 Thorndike St #2, Cambridge, MA 02141","$2,400/mo
2 bds1 ba-- sqft"
"159 Erie St #A, Cambridge, MA 02139","$2,200/mo
1 bd1 ba600 sqft"
"442 Cambridge St #1, Cambridge, MA 02141","$1,600/mo
1 bd1 ba500 sqft"
"891 Massachusetts Ave, Cambridge, MA","$2,000+ 2 bds"
"30 Norfolk St #3, Cambridge, MA 02139","$3,400/mo
4 bds1 ba1,200 sqft"
"70 Mount Vernon St #1, Cambridge, MA 02140","$2,000/mo
1 bd1 ba700 sqft"
"228 Allston St #1, Cambridge, MA 02139","$2,950/mo
3 bds1.5 ba1,250 sqft"
"147 Columbia St APT 2L, Cambridge, MA 02139","$2,400/mo
4 bds1 ba999 sqft"
"37 Porter St #2, Cambridge, MA 02141","$2,600/mo
2 bds1 ba760 sqft"
"26 Andrew St, Cambridge, MA 02139","$2,500/mo
2 bds1 ba1,120 sqft"
"77 Francis Ave #77, Cambridge, MA 02138","$4,000/mo
2 bds2 ba1,400 sqft"
"7 Maple Ave #1, Cambridge, MA 02139","$4,900/mo
3 bds2 ba1,660 sqft"
"Massachusetts Ave, Cambridge, MA 02139","$2,645/mo
1 bd1 ba-- sqft"
"220 Western Ave, Cambridge, MA","$2,500 2 bds$2,450 3 bds"
"218 Western Ave APT 1, Cambridge, MA 02139","$2,300/mo
2 bds1 ba700 sqft"
"19 Howard St #2, Cambridge, MA 02139","$2,900/mo
2 bds1 ba1,100 sqft"
"46 Irving St UNIT 2A, Cambridge, MA 02138","$2,300/mo
1 bd1 ba844 sqft"
"179 Prospect St #2F, Cambridge, MA 02139","$1,850/mo
Studio1 ba99,999 sqft"
"24 Cogswell Ave #3, Cambridge, MA 02140","$2,250/mo
2 bds1 ba99,999 sqft"
"1 Orchard St #3, Cambridge, MA 02140","$2,800/mo
2 bds1 ba9,999 sqft"
"5 Walden St, Cambridge, MA","$2,100+ 2 bds"
"9 Saint Paul St #3, Cambridge, MA 02139","$2,695/mo
1 bd1 ba600 sqft"
"12 Cottage St #SEC, Cambridge, MA 02139","$1,900/mo
2 bds1 ba800 sqft"
"29 Ware St #5, Cambridge, MA 02138","$1,750/mo
Studio1 ba99,999 sqft"
"59 Howard St #2, Cambridge, MA 02139","$2,900/mo
2 bds2 ba943 sqft"
"156 Gore St, Cambridge, MA 02141","$2,350/mo
2 bds1 ba-- sqft"
"Myrtle Ave, Cambridge, MA 02138","$3,500/mo
4 bds2 ba1,300 sqft"
"154 Gore St, Cambridge, MA","$2,200+ 2 bds"
"34 Gorham St #2, Cambridge, MA 02138","$3,600/mo
3 bds2 ba-- sqft"
"228 Western Ave #1, Cambridge, MA 02139","$2,300/mo
2 bds1 ba750 sqft"
"(undisclosed Address), Cambridge, MA 02139","$2,100/mo
2 bds1 ba-- sqft"
"Porter St, Cambridge, MA 02141","$2,000/mo
1 bd1 ba-- sqft"
"Harvard St, Cambridge, MA 02138","$1,850/mo
1 bd1 ba-- sqft"
"21 Marion St #1, Cambridge, MA 02141","$2,200/mo
1 bd1 ba-- sqft"
"14 Salem St #3, Cambridge, MA 02139","$2,600/mo
2 bds1 ba898 sqft"
"60 Lexington Ave #0, Cambridge, MA 02138","$4,000/mo
3 bds2 ba-- sqft"
"1234 Cambridge St #3L, Cambridge, MA 02139","$2,200/mo
2 bds1 ba900 sqft"
"22 Gurney St #0, Cambridge, MA 02138","$1,750/mo
Studio1 ba350 sqft"
"101 Hampshire St #3, Cambridge, MA 02139","$2,500/mo
1 bd1 ba640 sqft"
"6 Porter Rd, Cambridge, MA 02140","$3,000/mo
3 bds2 ba1,000 sqft"
"285 Harvard St, Cambridge, MA","$1,550+ Studio$1,850+ 1 bd$2,475 2 bds"
"1170 Massachusetts Ave APT 2, Cambridge, MA 02138","$1,950/mo
Studio1 ba328 sqft"
"292 Harvard St #155, Cambridge, MA 02139","$3,020/mo
3 bds1 ba1,000 sqft"
"7 Union St #1, Cambridge, MA 02139","$2,500/mo
2 bds1 ba999 sqft"
"Bishop Allen Dr, Cambridge, MA 02139","$2,750/mo
3 bds1 ba-- sqft"
"Columbia St, Cambridge, MA 02139","$2,000/mo
2 bds1 ba1,392 sqft"
"11 Everett St #5, Cambridge, MA 02138","$1,850/mo
1 bd1 ba-- sqft"
"23 Bellis Cir #23, Cambridge, MA 02140","$4,500/mo
2 bds2.5 ba1,096 sqft"
"279 Harvard St, Cambridge, MA","$1,700+ Studio"
"132 Oxford St, Cambridge, MA","$1,800 1 bd$2,000 2 bds"
"2222 Massachusetts Ave #15, Cambridge, MA 02140","$13,000/mo
15 bds6.5 ba5,070 sqft"
"11 Story St APT 2, Cambridge, MA 02138","$2,395/mo
1 bd1 ba650 sqft"
"27 Lambert St, Cambridge, MA","$2,100 1 bd$2,595 2 bds$2,700 3 bds"
"93 Kirkland St, Cambridge, MA","$2,600+ 2 bds"
"25 Beech St UNIT 2, Cambridge, MA 02140","$4,200/mo
2 bds2.5 ba1,568 sqft"
"Prescott St, Cambridge, MA 02138","$2,100/mo
1 bd1 ba600 sqft"
"84 Prescott St APT 47, Cambridge, MA 02138","$2,100/mo
1 bd1 ba538 sqft"
"119 Sciarappa St #3, Cambridge, MA 02141","$2,600/mo
3 bds1 ba1,350 sqft"
"303 Hurley St, Cambridge, MA","$2,950+ 4 bds$6,900 8 bds"
"40 Creighton St, Cambridge, MA","$2,500 2 bds$3,600 3 bds"
"48-50 Creighton St, Cambridge, MA 02140","$2,400/mo
3 bds1 ba3,017 sqft"
"4 Canal Park, Cambridge, MA","$2,300 1 bd$3,650 2 bds$4,300 3 bds"
"18 Centre St, Cambridge, MA","$1,900 Studio$1,900+ 1 bd"
"64 Homer Ave #210, Cambridge, MA 02138","$1,880/mo
2 bds1 ba850 sqft"
"11 William St #S, Cambridge, MA 02139","$2,000/mo
1 bd1 ba350 sqft"
"43 Allston St #1, Cambridge, MA 02139","$3,600/mo
3 bds1 ba1,151 sqft"
"310 Concord Ave #2, Cambridge, MA 02138","$3,800/mo
3 bds2 ba1,800 sqft"
"184 Otis St #3, Cambridge, MA 02141","$2,600/mo
3 bds1.5 ba1,058 sqft"
"Bowdoin St, Cambridge, MA 02138","$2,500/mo
2 bds1 ba960 sqft"
"12 Joy Singlefamil Singlefamil, Boston, MA 02114","$12,000/mo
4 bds4.5 ba2,986 sqft"
"173 Otis St #1, Cambridge, MA 02141","$1,950/mo
2 bds1 ba750 sqft"
"Thorndike St, Cambridge, MA 02141","$2,500/mo
2 bds1.5 ba920 sqft"
"454 Windsor St #2, Cambridge, MA 02141","$2,600/mo
2 bds1 ba1,170 sqft"
"1 Newport Rd APT 7, Cambridge, MA 02140","$2,950/mo
2 bds1 ba1,142 sqft"
"10 Forest St, Cambridge, MA","$3,090+ 1 bd"
"14 Griswold St #3, Cambridge, MA 02138","$1,700/mo
1 bd1 ba800 sqft"
"208 Charles St #208, Cambridge, MA 02141","$4,300/mo
3 bds2 ba1,318 sqft"
"54 Trowbridge St, Cambridge, MA 02138","$4,000/mo
3 bds2 ba1,546 sqft"
"15 Trowbridge St #18, Cambridge, MA 02138","$2,600/mo
1 bd1 ba640 sqft"
"Sargent St, Cambridge, MA 02140","$4,399/mo
4 bds2 ba1,247 sqft"
"4 Avon St APT 3, Cambridge, MA 02138","$2,600/mo
2 bds1 ba800 sqft"
"28 Vineyard St #28, Cambridge, MA 02138","$5,000/mo
5 bds3.5 ba1,792 sqft"
"351 Western Ave #1, Cambridge, MA 02139","$2,700/mo
2 bds1 ba1,200 sqft"
"109 Windsor St APT 6, Cambridge, MA 02139","$3,150/mo
3 bds1 ba-- sqft"
"41 Linnaean St, Cambridge, MA 02138","$3,000/mo
2 bds1 ba1,100 sqft"
"48 Berkshire St #2, Cambridge, MA 02141","$2,680/mo
3 bds1 ba1,200 sqft"
"25 Wheeler St UNIT 214, Cambridge, MA 02138","$2,400/mo
1 bd1 ba738 sqft"
"Prospect St, Cambridge, MA 02139","$1,750/mo
1 bd1 ba800 sqft"
"138 Hampshire St, Cambridge, MA 02139","$1,950/mo
2 bds1 ba-- sqft"
"Harvard St, Cambridge, MA 02139","$2,300/mo
2 bds1 ba-- sqft"
"CHR Cambridge Apartments, Brattle Arms - Various (BA2Z), Cambridge, MA 02138","$5,325/mo
2 bds1 ba1,236 sqft"
"1648 Massachusetts Ave #22A, Cambridge, MA 02138","$2,050/mo
1 bd1 ba500 sqft"
"Clarendon Ave, Somerville, MA 02144","$2,500/mo
2 bds1 ba-- sqft"
"20 John F Kennedy St, Cambridge, MA","$2,200+ 1 bd"
"CHR Cambridge Apartments, Brattle Arms - Various (BA2Z), Cambridge, MA 02138","$5,325/mo
2 bds1 ba1,236 sqft"
"1 Gray St APT 7, Cambridge, MA 02138","$2,395/mo
2 bds1 ba900 sqft"
"Clarendon Ave, Somerville, MA 02144","$2,500/mo
2 bds1 ba-- sqft"
"929 Mass | 929 Mass Ave, Cambridge, MA","$1,880+ Studio$1,955+ 1 bd$2,695+ 2 bds"
"332 Franklin St, Cambridge, MA","$3,200+ 2 bds"
"45 Tremont St, Cambridge, MA 02139","$4,400/mo
3 bds1.5 ba1,400 sqft"
"2192 Massachusetts Ave #C3, Cambridge, MA 02140","$1,600/mo
1 bd1 ba450 sqft"
"120 Columbia St #4, Cambridge, MA 02139","$2,700/mo
2 bds1 ba-- sqft"
"309 Columbia St UNIT 309, Cambridge, MA 02141","$3,390/mo
3 bds1.5 ba1,200 sqft"
"14 Centre Street | 14 Centre St, Cambridge, MA","$2,700+ 2 bds"
"3 Hancock Pl #2, Cambridge, MA 02139","$3,650/mo
2 bds2 ba1,370 sqft"
"Woodbridge St, Cambridge, MA 02140","$2,400/mo
2 bds1 ba-- sqft"
"(undisclosed Address), Cambridge, MA 02140","$2,400/mo
2 bds1 ba-- sqft"
"387 Huron Ave #1, Cambridge, MA 02138","$2,350/mo
2 bds2 ba1,000 sqft"
"43 7th St APT 2, Cambridge, MA 02141","$2,000/mo
2 bds1 ba900 sqft"
"556 Franklin St #1, Cambridge, MA 02139","$3,950/mo
2 bds2 ba910 sqft"
"1150 Cambridge St #3, Cambridge, MA 02139","$2,300/mo
1 bd1 ba-- sqft"
"154 Magazine St #33, Cambridge, MA 02139","$2,950/mo
3 bds2 ba1,100 sqft"
"287 Harvard St, Cambridge, MA","$1,950+ 1 bd$2,600+ 2 bds$3,600 3 bds"
"19 Trowbridge St, Cambridge, MA","$3,500 3 bds$3,800 4 bds"
"125 Spring St #2, Cambridge, MA 02141","$2,800/mo
3 bds1 ba1,400 sqft"
"31 Edward T Sullivan Rd #1, Cambridge, MA 02138","$2,100/mo
2 bds1 ba1,200 sqft"
"10 4th Street Pl, Cambridge, MA","$1,800 1 bd$1,800 2 bds"
"12 Murdock St #12, Cambridge, MA 02139","$2,800/mo
1 bd1 ba804 sqft"
"6 Oak St UNIT 6, Cambridge, MA 02139","$3,800/mo
3 bds1 ba1,200 sqft"
"115 5th St #115, Cambridge, MA 02141","$3,900/mo
3 bds2 ba1,500 sqft"
"345 Harvard St, Cambridge, MA","$2,400 1 bd$2,750+ 2 bds"
"203 Pemberton St UNIT 3, Cambridge, MA 02140","$3,100/mo
2 bds2 ba1,219 sqft"
"73 Spring St #2, Cambridge, MA 02141","$3,975/mo
3 bds2 ba1,664 sqft"
"2 Inman St #1A, Cambridge, MA 02139","$2,300/mo
1 bd1 ba500 sqft"
"361 Washington St, Cambridge, MA","$3,500+ 3 bds"
"Columbia St, Cambridge, MA 02141","$2,400/mo
2 bds1 ba-- sqft"
"Craigie Cir, Cambridge, MA 02138","$1,950/mo
1 bd1 ba600 sqft"
"70 Berkshire St #2, Cambridge, MA 02141","$3,300/mo
3 bds1.5 ba933 sqft"
"150 Cambridge St UNIT 108, Cambridge, MA 02141","$3,700/mo
2 bds2 ba1,129 sqft"
"75-83 Cambridge Pkwy, Cambridge, MA","$5,000+ 2 bds"
"23 Magee St, Cambridge, MA","$3,595+ 3 bds"
"105 Sciarappa St, Cambridge, MA","$1,800 1 bd$2,300 2 bds"
"168 Hampshire St APT 3C, Cambridge, MA 02139","$3,695/mo
2 bds2 ba1,389 sqft"
"137 2nd St #137, Cambridge, MA 02141","$5,500/mo
3 bds3 ba1,597 sqft"
"95 Moore St #2, Cambridge, MA 02139","$2,000/mo
2 bds1 ba780 sqft"
"4 Washington Ave, Cambridge, MA","$1,900+ 1 bd"
"Woodbridge St, Cambridge, MA 02140","$2,400/mo
2 bds1 ba-- sqft"
"2568 Massachusetts Ave, Cambridge, MA 02140","$3,500/mo
4 bds2 ba1,389 sqft"
"177 Lake View Ave #2, Cambridge, MA 02138","$2,300/mo
2 bds1 ba1,200 sqft"
"18 Dudley St, Cambridge, MA","$2,400 2 bds$2,900 3 bds"
"235 Brookline St #1, Cambridge, MA 02139","$2,100/mo
1 bd1 ba850 sqft"
"25 Marney St #25, Cambridge, MA 02141","$3,000/mo
4 bds1 ba-- sqft"
"2 Beech St, Cambridge, MA","$1,900+ 1 bd$2,600 2 bds"
"262 Pearl St #1, Cambridge, MA 02139","$2,600/mo
3 bds1 ba1,300 sqft"
"515 Putnam Ave APT 5, Cambridge, MA 02139","$3,600/mo
3 bds1 ba1,054 sqft"
"10 Essex St, Cambridge, MA","$2,500 Studio$3,200 1 bd$5,200 2 bds"
"66 Oxford St UNIT 2, Cambridge, MA 02138","$4,000/mo
2 bds2 ba1,092 sqft"
"(undisclosed Address), Cambridge, MA 02139","$2,245/mo
1 bd1 ba400 sqft"
"Massachusetts Ave, Cambridge, MA 02139","$1,965/mo
1 bd1 ba-- sqft"
"39 Sciarappa St #1, Cambridge, MA 02141","$2,700/mo
3 bds1 ba1,100 sqft"
"124 Oxford St, Cambridge, MA","$3,000 2 bds$3,000 3 bds"
"31 Blanchard Rd #1, Cambridge, MA 02138","$2,700/mo
2 bds2 ba1,050 sqft"
"5 Haskell St, Cambridge, MA","$1,550 Studio$1,550 1 bd"
"74 6th St #1, Cambridge, MA 02141","$1,950/mo
2 bds1 ba845 sqft"
"Richard Ave, Cambridge, MA 02140","$2,500/mo
3 bds1 ba-- sqft"
"Massachusetts Ave, Cambridge, MA 02139","$2,200/mo
2 bds1 ba-- sqft"
"Massachusetts Ave, Cambridge, MA 02139","$2,200/mo
2 bds1 ba577 sqft"
"22 Magazine St APT 6, Cambridge, MA 02139","$5,400/mo
4 bds2 ba1,325 sqft"
"8 Mullins Ct #1, Cambridge, MA 02141","$2,200/mo
2 bds1 ba700 sqft"
"101 Jackson St #3, Cambridge, MA 02140","$2,900/mo
3 bds2 ba1,400 sqft"
"30 Foster St, Cambridge, MA 02138","$2,800/mo
4 bds1.5 ba1,500 sqft"
"93 Prospect St APT 2B, Cambridge, MA 02139","$2,150/mo
1 bd1 ba410 sqft"
"28 Berkshire St #1, Cambridge, MA 02141","$4,500/mo
3 bds2 ba1,351 sqft"
"12 Ellery St APT 106, Cambridge, MA 02138","$2,200/mo
2 bds2 ba868 sqft"
"1247 Cambridge St E #2, Cambridge, MA 02139","$3,300/mo
3 bds2 ba1,188 sqft"
"Prospect St, Cambridge, MA 02139","$1,950/mo
2 bds1 ba-- sqft"
"9 Cottage St APT 2, Cambridge, MA 02139","$1,975/mo
1 bd1 ba650 sqft"
"284 Harvard St, Cambridge, MA","$1,800 Studio$2,250 1 bd"
"8 Museum Way FLOOR 16, Cambridge, MA 02141","$2,850/mo
2 bds2 ba1,050 sqft"
"64 Fulkerson St #2, Cambridge, MA 02141","$2,150/mo
2 bds1 ba800 sqft"
"76 Normandy Ave, Cambridge, MA 02138","$2,200/mo
2 bds1 ba1,100 sqft"
"84 Willow St #3, Cambridge, MA 02141","$2,200/mo
2 bds1 ba715 sqft"
"850 Massachusetts Ave, Cambridge, MA","$2,300+ 1 bd"
"(undisclosed Address), Cambridge, MA 02138","$1,700/mo
1 bd1 ba-- sqft"
"2 Chestnut St PH 53, Cambridge, MA 02139","$2,625/mo
1 bd1 ba822 sqft"
"Craigie Cir, Cambridge, MA 02138","$1,900/mo
1 bd1 ba-- sqft"
"Prospect St, Cambridge, MA 02139","$1,950/mo
2 bds1 ba-- sqft"
"Pearl St, Cambridge, MA 02139","$1,650/mo
1 bd1 ba-- sqft"
"12 Andrew St #2, Cambridge, MA 02139","$3,300/mo
3 bds1 ba1,200 sqft"
"3 Crawford St, Cambridge, MA","$1,800+ 1 bd"
"113 Hampshire St APT 3, Cambridge, MA 02139","$2,300/mo
3 bds1 ba850 sqft"
"388 Prospect St #2, Cambridge, MA 02139","$3,400/mo
5 bds1 ba-- sqft"
"11 Holly Ave #2, Cambridge, MA 02138","$3,200/mo
2 bds1 ba1,280 sqft"
"4 Bates St #1, Cambridge, MA 02140","$4,400/mo
3 bds1 ba2,500 sqft"
"249 Hurley St #2R, Cambridge, MA 02141","$2,600/mo
2 bds1 ba-- sqft"
"4 Chauncy St, Cambridge, MA 02138","$3,000/mo
2 bds2 ba1,200 sqft"
"84 Ellery St #1, Cambridge, MA 02138","$1,900/mo
1 bd1 ba9,999 sqft"
"20 Mcternan St #302F, Cambridge, MA 02139","$3,200/mo
2 bds1 ba1,037 sqft"
"29 Bigelow St #3, Cambridge, MA 02139","$3,800/mo
2 bds1.5 ba1,500 sqft"
"21 Rockwell St #0, Cambridge, MA 02139","$2,800/mo
2 bds1 ba1,100 sqft"
"51 Museum St APT 2, Cambridge, MA 02138","$2,000/mo
1 bd1 ba707 sqft"
"295 Concord Ave #2, Cambridge, MA 02138","$4,000/mo
3 bds2 ba1,646 sqft"
"249 Hurley St #2F, Cambridge, MA 02141","$1,800/mo
1 bd1 ba-- sqft"
"7 Harding St #1, Cambridge, MA 02141","$1,900/mo
2 bds1 ba700 sqft"
"9 Clary St, Cambridge, MA","$4,200+ 3 bds"
"42 Linnaean St, Cambridge, MA","$1,950+ 1 bd"
"5 Marcella St #1, Cambridge, MA 02141","$2,650/mo
2 bds1 ba650 sqft"
"12 Merrill St #3, Cambridge, MA 02139","$3,500/mo
3 bds1 ba9,999 sqft"
"1617 Massachusetts Ave #18, Cambridge, MA 02138","$1,900/mo
1 bd1 ba846 sqft"
"5 Lee St #15, Cambridge, MA 02139","$16,250/mo
15 bds15 ba5,532 sqft"
"351 Walden St #1, Cambridge, MA 02138","$4,000/mo
3 bds2.5 ba2,155 sqft"
"38 Fainwood Cir #1, Cambridge, MA 02139","$4,700/mo
4 bds2 ba1,300 sqft"
"212 Norfolk St #1, Cambridge, MA 02139","$2,500/mo
2 bds1 ba1,100 sqft"
"128 Magazine St APT 4, Cambridge, MA 02139","$2,375/mo
2 bds1 ba9,999 sqft"
"1 Gray St, Cambridge, MA","$2,195 1 bd$2,395 2 bds"
"3 Marney St, Cambridge, MA","$3,000+ 2 bds"
"Cambridge St, Cambridge, MA 02141","$3,000/mo
3 bds1 ba-- sqft"
"43 Linnaean St APT 1A, Cambridge, MA 02138","$2,480/mo
2 bds1 ba887 sqft"
"7 Milton St, Cambridge, MA 02140","$2,900/mo
3 bds2 ba1,200 sqft"
"165 Hampshire St APT 6, Cambridge, MA 02139","$2,800/mo
2 bds2 ba775 sqft"
"5 Rindgefield St #1, Cambridge, MA 02140","$2,400/mo
2 bds1 ba950 sqft"
"Marney St, Cambridge, MA 02141","$3,295/mo
2 bds1.5 ba800 sqft"
"122 Trowbridge St #1, Cambridge, MA 02138","$2,800/mo
2 bds1 ba948 sqft"
"89 Trowbridge St #2F, Cambridge, MA 02138","$2,000/mo
1 bd1 ba-- sqft"
"329 Harvard St, Cambridge, MA","$2,500 1 bd$2,500+ 2 bds"
"127 Fayerweather St #1, Cambridge, MA 02138","$3,100/mo
2 bds1 ba1,056 sqft"
"21 Winter St #10, Cambridge, MA 02141","$850/mo
1 bd1 ba-- sqft"
"322-5 Western Ave, Cambridge, MA","$2,700 1 bd$3,600+ 3 bds"
"29 Otis St UNIT 306, Cambridge, MA 02141","$3,000/mo
2 bds2 ba1,060 sqft"
"22 3rd St #1, Cambridge, MA 02141","$2,400/mo
3 bds1 ba990 sqft"
"1 Jay St, Cambridge, MA","$1,995 1 bd$3,600 3 bds"
"47 Inman St, Cambridge, MA","$1,900+ 1 bd"
"181 Rindge Ave #2R, Cambridge, MA 02140","$4,250/mo
5 bds2 ba-- sqft"
"22 Brookford St #1, Cambridge, MA 02140","$2,500/mo
1 bd1 ba1,000 sqft"
"Broadway, Cambridge, MA 02138","$2,500/mo
1 bd1 ba-- sqft"
"1 Garden Ct APT 1, Cambridge, MA 02138","$2,100/mo
1 bd1 ba615 sqft"
"190 Prospect St APT 5, Cambridge, MA 02139","$2,900/mo
1 bd1 ba650 sqft"
"261 Walden St #261, Cambridge, MA 02138","$2,675/mo
1 bd1 ba604 sqft"
"1 Crawford St APT 4, Cambridge, MA 02139","$2,000/mo
1 bd1 ba580 sqft"
"25 Elmer St #A, Cambridge, MA 02138","$2,800/mo
3 bds1 ba1,000 sqft"
"Hancock St, Cambridge, MA 02139","$1,950/mo
2 bds1 ba1,000 sqft"
"1697 Cambridge St APT 1, Cambridge, MA 02138","$2,050/mo
1 bd1 ba600 sqft"
"Wendell Terrace Apartments | 19-21 Wendell St, Cambridge, MA","$2,365+ 1 bd$2,860+ 2 bds"
"251 Pearl St UNIT 6, Cambridge, MA 02139","$3,400/mo
3 bds1 ba1,000 sqft"
"Hampshire St, Cambridge, MA 02139","$2,700/mo
3 bds2 ba1,100 sqft"
"340 Columbia St #1, Cambridge, MA 02141","$2,250/mo
2 bds1 ba800 sqft"
"193 Brookline St APT 1R, Cambridge, MA 02139","$2,000/mo
1 bd1 ba615 sqft"
"1137 Massachusetts Ave, Cambridge, MA","$2,100+ 1 bd"
"48 John F Kennedy St #1F, Cambridge, MA 02138","$2,350/mo
1 bd1 ba-- sqft"
"42 Fresh Pond Pl #1, Cambridge, MA 02138","$3,150/mo
2 bds2.5 ba1,481 sqft"
"377 Cardinal Medeiros Ave #A, Cambridge, MA 02141","$2,000/mo
2 bds1 ba650 sqft"
"132.5 Oxford St #11, Cambridge, MA 02138","$2,000/mo
2 bds1 ba650 sqft"
"3 Linnaean St, Cambridge, MA","$2,400 1 bd$2,900 2 bds"
"102 Inman St #4, Cambridge, MA 02139","$1,600/mo
1 bd1 ba500 sqft"
"Pleasant St, Cambridge, MA 02139","$2,695/mo
1 bd1 ba650 sqft"
"18-20 Marcella St #4, Cambridge, MA 02141","$2,350/mo
2 bds1 ba672 sqft"
"48 7th St #1, Cambridge, MA 02141","$3,500/mo
2 bds2 ba750 sqft"
"1174 Cambridge St APT 2L, Cambridge, MA 02139","$4,200/mo
3 bds2 ba1,400 sqft"
"49 Clifton St #A, Cambridge, MA 02140","$3,200/mo
5 bds2 ba1,828 sqft"
"29 Elm St APT 3, Cambridge, MA 02139","$3,000/mo
1 bd1 ba985 sqft"
"191 Harvard St #2, Cambridge, MA 02139","$4,500/mo
4 bds1 ba1,500 sqft"
"41 Roberts Rd #1, Cambridge, MA 02138","$2,350/mo
1 bd1 ba650 sqft"
"194 Prospect St, Cambridge, MA","$3,500+ 2 bds"
"228 Prospect St #1, Cambridge, MA 02139","$2,800/mo
3 bds1 ba1,200 sqft"
"4 Arlington St APT 1, Cambridge, MA 02140","$1,950/mo
1 bd1 ba484 sqft"
"31 Harris St #3, Cambridge, MA 02140","$4,100/mo
2 bds2 ba1,195 sqft"
"1103 Massachusetts Ave, Cambridge, MA 02138","$2,100/mo
1 bd1 ba619 sqft"
"25 Ware St, Cambridge, MA 02138","$9,400/mo
7 bds4 ba3,034 sqft"
"253 Norfolk St, Cambridge, MA","$3,300+ 2 bds"
"Dana St, Cambridge, MA 02138","$1,850/mo
1 bd1 ba-- sqft"
"224 Concord Ave #1, Cambridge, MA 02138","$2,925/mo
2 bds1 ba1,400 sqft"
"2 Crawford St APT 7, Cambridge, MA 02139","$1,950/mo
1 bd1 ba560 sqft"
"27 Wheeler St, Cambridge, MA","$2,350+ 1 bd"
"863 Massachusetts Ave APT 22, Cambridge, MA 02139","$2,250/mo
1 bd1 ba450 sqft"
"22 Chestnut St #1, Cambridge, MA 02139","$3,100/mo
2 bds2.5 ba1,353 sqft"
"2036 Mass Ave, Cambridge, MA","$2,900+ 3 bds"
"25 Fairfield St, Cambridge, MA","$3,000+ 3 bds"
"302 Brookline St #2, Cambridge, MA 02139","$2,425/mo
1 bd1 ba699 sqft"
"39A Lee St APT 22, Cambridge, MA 02139","$2,650/mo
1 bd1 ba750 sqft"
"Chester Street Apartments | 9-15 Chester St, Cambridge, MA","$1,325+ Studio"
"17 Otis St UNIT 711, Cambridge, MA 02141","$5,900/mo
2 bds2.5 ba1,646 sqft"
"151 Erie St #A, Cambridge, MA 02139","$2,200/mo
1 bd1 ba650 sqft"
"272 Sidney St #3, Cambridge, MA 02139","$1,950/mo
1 bd1 ba600 sqft"
"13 Fulkerson St #1, Cambridge, MA 02141","$1,900/mo
2 bds1 ba850 sqft"
"293 Harvard St #66, Cambridge, MA 02139","$2,050/mo
Studio1 ba-- sqft"
"Harvard St, Cambridge, MA 02138","$1,750/mo
1 bd1 ba-- sqft"
"15 Richdale Avenue | 15 Richdale Ave, Cambridge, MA","$2,500+ 1 bd$3,950 2 bds$4,750+ 3 bds"
"599 Cambridge St APT 302, Cambridge, MA 02141","$2,100/mo
1 bd1 ba644 sqft"
"185 Windsor St UNIT 185, Cambridge, MA 02139","$2,000/mo
3 bds1 ba825 sqft"
"54 Bay State Rd UNIT 3, Cambridge, MA 02138","$3,950/mo
3 bds2 ba1,457 sqft"
"29 Wheeler St #105, Cambridge, MA 02138","$2,350/mo
1 bd1 ba625 sqft"
"94 Spring St #1, Cambridge, MA 02141","$3,800/mo
4 bds2 ba900 sqft"
"26 Berkshire St #101, Cambridge, MA 02141","$2,850/mo
2 bds1 ba925 sqft"
"(undisclosed Address), Cambridge, MA 02140","$2,050/mo
2 bds1 ba910 sqft"
"7 Cameron | 7 Cameron Ave, Cambridge, MA","$2,842+ 1 bd$3,667+ 2 bds"
"14 Ware St APT 43, Cambridge, MA 02138","$2,200/mo
1 bd1 ba687 sqft"
"3 Ellsworth Park #3, Cambridge, MA 02139","$2,300/mo
1 bd1 ba-- sqft"
"718 Cambridge St #3, Cambridge, MA 02141","$2,100/mo
2 bds1 ba900 sqft"
"1800 Massachusetts Ave APT 10, Cambridge, MA 02140","$1,600/mo
Studio1 ba229 sqft"
"277 Mount Auburn St #3, Cambridge, MA 02138","$2,400/mo
2 bds1 ba1,000 sqft"
"10-12 Museum Way #902, Cambridge, MA 02141","$2,850/mo
2 bds2 ba1,050 sqft"
"104 Trowbridge St APT 4, Cambridge, MA 02138","$2,500/mo
2 bds1 ba712 sqft"
"285 Harvard St APT 412, Cambridge, MA 02139","$2,000/mo
2 bds1 ba592 sqft"
"1 Aberdeen Way SUITE 117, Cambridge, MA 02138","$2,300/mo
1 bd1 ba765 sqft"
"48 Norfolk St #3, Cambridge, MA 02139","$3,750/mo
3 bds1 ba1,100 sqft"
"354 Hurley St, Cambridge, MA 02141","$2,800/mo
2 bds1.5 ba900 sqft"
"64 Highland Ave APT 6, Cambridge, MA 02139","$4,000/mo
2 bds1.5 ba1,446 sqft"
"121 Elm St #1, Somerville, MA 02144","$2,500/mo
2 bds1 ba1,500 sqft"
"854 Massachusetts Ave APT 12, Cambridge, MA 02139","$1,900/mo
1 bd1 ba702 sqft"
"2443 Massachusetts Ave UNIT 10, Cambridge, MA 02140","$2,200/mo
1 bd1 ba800 sqft"
"50 Follen St, Cambridge, MA","$2,450 1 bd$3,300 3 bds"
"114 Fayerweather St #3, Cambridge, MA 02138","$2,200/mo
2 bds1 ba1,200 sqft"
"140 Hampshire St #3, Cambridge, MA 02139","$1,950/mo
2 bds1 ba850 sqft"
"46 Chilton St APT 2, Cambridge, MA 02138","$1,900/mo
1 bd1 ba740 sqft"
"14 Saint Mary Rd, Cambridge, MA 02139","$7,000/mo
6 bds2 ba2,160 sqft"
"Prescott St, Cambridge, MA 02138","$2,900/mo
2 bds1 ba-- sqft"
"39 Gold Star Rd #1, Cambridge, MA 02140","$3,100/mo
4 bds1 ba9,999 sqft"
"21 Wendell St #E, Cambridge, MA 02138","$2,725/mo
1 bd1 ba627 sqft"
"Walden Park | 205 Walden St, Cambridge, MA","$1,845+ Studio$1,855+ 1 bd$2,300 2 bds"
"100 Memorial Drive | 100 Memorial Dr, Cambridge, MA","$1,960+ Studio$2,325+ 1 bd$2,600+ 2 bds"
"111 Webster Ave #2, Cambridge, MA 02141","$3,300/mo
3 bds2 ba820 sqft"
"117 Gore St #1, Cambridge, MA 02141","$2,999/mo
2 bds1 ba9,999 sqft"
"The Residences at Central Square | 639 Massachusetts Ave, Cambridge, MA","$2,800+ 1 bd$3,300+ 2 bds"
"120 Cherry St #1, Cambridge, MA 02139","$6,000/mo
4 bds4.5 ba2,950 sqft"
"Zinc | 22 Water St, Cambridge, MA","$2,215+ Studio$2,491+ 1 bd$3,548+ 2 bds"
"(undisclosed Address), Cambridge, MA 02139","$2,645/mo
1 bd1 ba675 sqft"
"21 Kelly Rd #1, Cambridge, MA 02139","$2,800/mo
2 bds1 ba1,100 sqft"
"347 Franklin St, Cambridge, MA 02139","$2,520/mo
2 bds2 ba1,100 sqft"
"61 Plymouth St #1, Cambridge, MA 02141","$2,000/mo
2 bds1 ba700 sqft"
"56-58 Gold Star Rd, Cambridge, MA 02140","$2,750/mo
3 bds1 ba1,100 sqft"
"7 Trowbridge Pl #7, Cambridge, MA 02138","$3,800/mo
2 bds2 ba1,300 sqft"
"93 Harvey St UNIT 1, Cambridge, MA 02140","$2,250/mo
1 bd1 ba800 sqft"
"54 John F Kennedy St APT 3, Cambridge, MA 02138","$2,150/mo
1 bd1 ba495 sqft"
"6 Alberta Ter APT 4, Cambridge, MA 02140","$2,000/mo
2 bds1 ba750 sqft"
"8 Alberta Ter #2, Cambridge, MA 02140","$2,000/mo
2 bds1 ba750 sqft"
"150 Webster Ave #1, Cambridge, MA 02141","$2,700/mo
3 bds1 ba1,200 sqft"
"Watermark Kendall East | 250 Kendall St, Cambridge, MA","$2,120+ Studio$3,240+ 1 bd$3,280+ 2 bds"
"338 Western Ave #2, Cambridge, MA 02139","$2,900/mo
2 bds1 ba500 sqft"
"115 Mount Auburn St APT 12, Cambridge, MA 02138","$2,600/mo
1 bd1 ba393 sqft"
"220 Concord Ave #3, Cambridge, MA 02138","$1,645/mo
Studio1 ba350 sqft"
"37 Langdon St APT 4, Cambridge, MA 02138","$2,400/mo
2 bds1 ba621 sqft"
"9 Elmer St #2, Cambridge, MA 02138","$2,380/mo
2 bds1 ba1,100 sqft"
"45 Trowbridge St APT 1D, Cambridge, MA 02138","$2,300/mo
2 bds1 ba756 sqft"
"Westley Ave, Cambridge, MA 02140","$2,800/mo
3 bds1.5 ba-- sqft"
"2028 Massachusetts Ave #3, Cambridge, MA 02140","$4,200/mo
4 bds2 ba-- sqft"
"22 Hingham St, Cambridge, MA 02138","$2,500/mo
1 bd1 ba500 sqft"
"38 Matignon Rd #B, Cambridge, MA 02140","$4,000/mo
4 bds2 ba2,000 sqft"
"157 Walden St, Cambridge, MA 02140","$2,600/mo
3 bds1 ba2,973 sqft"
"Marcella St, Cambridge, MA 02141","$2,800/mo
3 bds1.5 ba1,000 sqft"
"Westley Ave, Cambridge, MA 02140","$2,800/mo
3 bds1.5 ba-- sqft"
"Gore St, Cambridge, MA 02141","$2,200/mo
2 bds1 ba-- sqft"
"9 Norumbega St #9, Cambridge, MA 02138","$2,550/mo
3 bds1 ba1,097 sqft"
"950 Massachusetts Ave APT 318, Cambridge, MA 02139","$3,300/mo
2 bds1.5 ba853 sqft"
"148 Berkshire St APT 4, Cambridge, MA 02141","$2,300/mo
1 bd1 ba530 sqft"
"Orrin St, Cambridge, MA 02138","$2,700/mo
2 bds1 ba-- sqft"
"28 Langdon St APT 14, Cambridge, MA 02138","$1,900/mo
1 bd1 ba600 sqft"
"35 Walden St, Cambridge, MA 02140","$3,400/mo
2 bds2 ba1,475 sqft"
"231 Charles St #3, Cambridge, MA 02141","$2,750/mo
3 bds1 ba99 sqft"
"87 Gore St, Cambridge, MA","$3,100+ 3 bds"
"25 Magnolia Ave #3, Cambridge, MA 02138","$3,000/mo
3 bds1 ba1,200 sqft"
"31 Fairmont Ave #1, Cambridge, MA 02139","$2,875/mo
1 bd1 ba750 sqft"
"Story St, Cambridge, MA 02138","$2,380/mo
1 bd1 ba700 sqft"
"167 Hampshire St APT 4, Cambridge, MA 02139","$2,995/mo
2 bds1 ba900 sqft"
"(undisclosed Address), Cambridge, MA 02139","$2,200/mo
2 bds1 ba-- sqft"
"Agassiz St, Cambridge, MA 02140","$2,200/mo
2 bds1 ba-- sqft"
"64 Sacramento St UNIT 64, Cambridge, MA 02138","$5,700/mo
3 bds2 ba2,217 sqft"
"41 Bowdoin St, Cambridge, MA","$1,900+ 1 bd"
"23 Sparks St, Cambridge, MA 02138","$6,300/mo
4 bds2.5 ba2,168 sqft"
"19 Speridakis Ter, Cambridge, MA 02139","$3,300/mo
3 bds1 ba88 sqft"
"363 Windsor St #2, Cambridge, MA 02141","$3,200/mo
2 bds1 ba1,834 sqft"
"35 Eustis St #3, Cambridge, MA 02140","$2,500/mo
2 bds1 ba725 sqft"
"Pearl St, Cambridge, MA 02139","$1,500/mo
Studio1 ba-- sqft"
"6 Garden Ct APT 2, Cambridge, MA 02138","$2,150/mo
2 bds1 ba650 sqft"
"551 Green St APT 6, Cambridge, MA 02139","$3,000/mo
3 bds1 ba938 sqft"
"Locke St, Cambridge, MA 02140","$2,500/mo
2 bds2 ba800 sqft"
"9 8th St #3, Cambridge, MA 02141","$3,500/mo
3 bds1.5 ba1,100 sqft"
"71 Chilton St #1, Cambridge, MA 02138","$2,900/mo
2 bds1 ba851 sqft"
"393 Broadway APT 14, Cambridge, MA 02139","$1,750/mo
1 bd1 ba444 sqft"
"Broadway, Cambridge, MA 02139","$2,700/mo
2 bds1 ba1,000 sqft"
"20 Bristol St #2, East Cambridge, MA 02141","$2,300/mo
3 bds1 ba900 sqft"
"202 3rd St #B, Cambridge, MA 02141","$2,700/mo
3 bds1 ba850 sqft"
"17 Otis St UNIT D602, Cambridge, MA 02141","$4,500/mo
2 bds2 ba1,059 sqft"
"6 Canal Park APT 102, Cambridge, MA 02141","$3,100/mo
1 bd1 ba834 sqft"
"77 Martin St APT 8, Cambridge, MA 02138","$2,000/mo
1 bd1 ba614 sqft"
"Forest St, Cambridge, MA 02140","$2,285/mo
2 bds1 ba-- sqft"
"2 Avon St APT 6, Cambridge, MA 02138","$2,200/mo
1 bd1 ba520 sqft"
"65 Langdon Street | 65 Langdon St, Cambridge, MA","$4,135+ 3 bds"
"720 Massachusetts Ave APT 2, Cambridge, MA 02139","$2,050/mo
2 bds1 ba-- sqft"
"6 Arlington St APT 2, Cambridge, MA 02140","$1,500/mo
Studio1 ba336 sqft"
"Massachusetts Ave, Cambridge, MA 02138","$2,775/mo
2 bds1 ba877 sqft"
"196 Sherman St #2, Cambridge, MA 02140","$2,800/mo
3 bds1 ba99,999 sqft"
"Mount Auburn St, Cambridge, MA 02138","$2,600/mo
1 bd1 ba400 sqft"
"18 Bowdoin St FLOOR 1, Cambridge, MA 02138","$4,500/mo
3 bds2 ba1,161 sqft"
"5 Centre St APT 11, Cambridge, MA 02139","$1,750/mo
1 bd1 ba474 sqft"
"6 Rice St UNIT 2, Cambridge, MA 02140","$2,200/mo
2 bds1 ba99,999 sqft"
"Trowbridge St, Cambridge, MA 02138","$2,495/mo
1 bd1 ba658 sqft"
"402 Broadway #B, Cambridge, MA 02139","$2,000/mo
2 bds2 ba1,000 sqft"
"Massachusetts Ave, Cambridge, MA 02139","$2,100/mo
1 bd1 ba550 sqft"
"35 Hawthorn St #35, Cambridge, MA 02138","$7,000/mo
4 bds3.5 ba2,112 sqft"
"371 Harvard St APT 2C, Cambridge, MA 02138","$2,750/mo
1 bd1 ba620 sqft"
"9 Meacham Rd #2, Cambridge, MA 02140","$4,000/mo
3 bds2.5 ba2,200 sqft"
"9 Watson St #2, Cambridge, MA 02139","$3,000/mo
3 bds1 ba650 sqft"
"4 Arrow St, Cambridge, MA 02138","$1,350/mo
Studio1 ba400 sqft"
"4 Chauncy Ter #3, Cambridge, MA 02138","$2,600/mo
2 bds1 ba720 sqft"
"21 Sparks St #1, Cambridge, MA 02138","$4,350/mo
4 bds2 ba1,600 sqft"
"99 Gore St #2, Cambridge, MA 02141","$2,500/mo
2 bds1 ba953 sqft"
"269 Harvard St APT 40, Cambridge, MA 02139","$2,800/mo
2 bds1 ba700 sqft"
"279 Concord Ave #3, Cambridge, MA 02138","$4,400/mo
4 bds2 ba1,300 sqft"
"5 Arlington St APT 22, Cambridge, MA 02140","$2,100/mo
1 bd1 ba538 sqft"
"Standish St, Cambridge, MA 02138","$2,400/mo
2 bds1 ba-- sqft"
"124 Berkshire St, Cambridge, MA","$3,600+ 4 bds"
"281 Harvard St, Cambridge, MA","$2,500+ 1 bd"
"1699 Cambridge St APT 4, Cambridge, MA 02138","$2,175/mo
1 bd1 ba625 sqft"
"(undisclosed Address), Cambridge, MA 02140","$2,800/mo
2 bds1 ba1,184 sqft"
"Park77 | 77 New St, Cambridge, MA","$2,550+ Studio$2,900+ 1 bd$3,800+ 2 bds"
"116 Western Ave, Cambridge, MA 02139","$2,200/mo
2 bds1 ba-- sqft"
"162 Clark St, Cambridge, MA 02139","$4,950/mo
2 bds1.5 ba1,339 sqft"
"169 Erie St #A, Cambridge, MA 02139","$2,000/mo
1 bd1 ba400 sqft"
"67 Plymouth St #3, Cambridge, MA 02141","$2,800/mo
3 bds1 ba1,200 sqft"
"1925 Massachusetts Ave APT 7, Cambridge, MA 02140","$3,000/mo
3 bds1 ba800 sqft"
"1699 Cambridge St APT 1, Cambridge, MA 02138","$1,700/mo
1 bd1 ba368 sqft"
"23 Hammond St #1, Cambridge, MA 02138","$2,800/mo
2 bds1 ba1,200 sqft"
"Saville St, Cambridge, MA 02138","$3,000/mo
2 bds1 ba990 sqft"
"32 Suffolk St #1, Cambridge, MA 02139","$6,000/mo
5 bds2 ba2,300 sqft"
